CLICS Form,Variety,ISO CODE,Family,Form in source,Gloss in source,Dataset,lat,long
uvi,Manggarai,mqy,Austronesian,uvi,YAM,Diachronic Atlas of Comparative Linguistics,-8.55748,120.329
mangat,Buru,bqw,Austronesian,maŋa-t,YAM,Diachronic Atlas of Comparative Linguistics,7.01091,10.8617
ubi,Eastern Fijian,#N/A,Austronesian,uβi,YAM,Diachronic Atlas of Comparative Linguistics,#N/A,#N/A
uhi,Hawaiian,haw,Austronesian,uhi,YAM,Diachronic Atlas of Comparative Linguistics,19.6297,-155.43
ngangarangi,Maori,mri,Austronesian,ngangarangi,YAM,Diachronic Atlas of Comparative Linguistics,-38.2881,176.541
uhi,Rapanui,#N/A,Austronesian,ʔuhi,YAM,Diachronic Atlas of Comparative Linguistics,#N/A,#N/A
uhi,Rotuman,rtm,Austronesian,ʔuhi,YAM,Diachronic Atlas of Comparative Linguistics,-12.5008,177.066
ufi,Samoan,smo,Austronesian,ufi,YAM,Diachronic Atlas of Comparative Linguistics,-13.92,-171.83
ufi,Tahitian,tah,Austronesian,ufi,YAM,Diachronic Atlas of Comparative Linguistics,-17.6485,-149.45
ufi,Tongan,ton,Austronesian,ʔufi,YAM,Diachronic Atlas of Comparative Linguistics,-21.17,-175.25
ampun,Trukese,#N/A,Austronesian,ampun,YAM,Diachronic Atlas of Comparative Linguistics,#N/A,#N/A
iamm,Marshallese,mah,Austronesian,[iāmᵚ],YAM,Diachronic Atlas of Comparative Linguistics,3.12965,170.463
kep,Ponapean,#N/A,Austronesian,kēp,YAM,Diachronic Atlas of Comparative Linguistics,#N/A,#N/A
u,Cemuhî,cam,Austronesian,u,YAM,Diachronic Atlas of Comparative Linguistics,-20.8489,165.13
auh,Paama,pma,Austronesian,auh,YAM,Diachronic Atlas of Comparative Linguistics,-16.4755,168.237
sesul,Sawai,szw,Austronesian,sɛsul,YAM,Diachronic Atlas of Comparative Linguistics,0.51111,128.086
mu,A'jië,#N/A,Austronesian,mʌu,YAM,Diachronic Atlas of Comparative Linguistics,#N/A,#N/A
tetu,Kilivila,kij,Austronesian,tetu,YAM,Diachronic Atlas of Comparative Linguistics,-8.72574,151.072
maho,Motu,meu,Austronesian,maho,YAM,Diachronic Atlas of Comparative Linguistics,-9.67492,147.424
kai,Lau,llu,Austronesian,kai,YAM,Diachronic Atlas of Comparative Linguistics,-8.51018,160.872
dago,Chamorro,cha,Austronesian,dago,YAM,Diachronic Atlas of Comparative Linguistics,14.3307,145.276
uvi,Malagasy (Merina),#N/A,Austronesian,uvi,YAM,Diachronic Atlas of Comparative Linguistics,#N/A,#N/A
uwi,Javanese,jav,Austronesian,uwi,YAM,Diachronic Atlas of Comparative Linguistics,-0.572307,110.885
tila,Madurese,#N/A,Austronesian,tila,YAM,Diachronic Atlas of Comparative Linguistics,#N/A,#N/A
gadong,Acehnese,#N/A,Austronesian,gadông,YAM,Diachronic Atlas of Comparative Linguistics,#N/A,#N/A
phaj21,Cham (Hainan),#N/A,Austronesian,pʰaj²¹,YAM,Diachronic Atlas of Comparative Linguistics,#N/A,#N/A
ubi,Indonesian,ind,Austronesian,ubi,YAM,Diachronic Atlas of Comparative Linguistics,-7.33458,109.716
sakut,Timugon,#N/A,Austronesian,sakut,YAM,Diachronic Atlas of Comparative Linguistics,#N/A,#N/A
suhat,Batak Toba,bbc,Austronesian,suhat,YAM,Diachronic Atlas of Comparative Linguistics,2.35498,99.1761
ubih,Aklanon,#N/A,Austronesian,ūbih,YAM,Diachronic Atlas of Comparative Linguistics,#N/A,#N/A
pulugan,Palawan,#N/A,Austronesian,pulugan,YAM,Diachronic Atlas of Comparative Linguistics,#N/A,#N/A
qubi,Cebuano,ceb,Austronesian,qu:bi,YAM,Diachronic Atlas of Comparative Linguistics,8.38799,124.367
wiwi,Gorontalo,gor,Austronesian,wiwi,YAM,Diachronic Atlas of Comparative Linguistics,0.62689,122.288
qubi,lokano,#N/A,Austronesian,qu:bi,YAM,Diachronic Atlas of Comparative Linguistics,#N/A,#N/A
ubi,Isnag,isd,Austronesian,ūbi,YAM,Diachronic Atlas of Comparative Linguistics,18.2139,121.16
leteng,Maranao,mrw,Austronesian,leteng,YAM,Diachronic Atlas of Comparative Linguistics,7.79414,124.175
kamote,Tagalog,tgl,Austronesian,kamote,YAM,Diachronic Atlas of Comparative Linguistics,14.06,121.747
ovi,Yami,tao,Austronesian,ovi,YAM,Diachronic Atlas of Comparative Linguistics,22.055,121.544
lamekalolo,Bugis,bug,Austronesian,lame kaloloʔ,YAM,Diachronic Atlas of Comparative Linguistics,-0.251495,119.251
hui,Sundanese,#N/A,Austronesian,hui,YAM,Diachronic Atlas of Comparative Linguistics,#N/A,#N/A
tanuban,Puyuma,pyu,Austronesian,tanuban,YAM,Diachronic Atlas of Comparative Linguistics,22.643,120.996
baliloko,Rukai,dru,Austronesian,baḷiloko,YAM,Diachronic Atlas of Comparative Linguistics,22.7738,120.844
tarucowildyam,Tsou,tsu,Austronesian,taʔruȼo (wild yam),YAM,Diachronic Atlas of Comparative Linguistics,23.216,120.787
sipu,Thao,ssf,Austronesian,sipu,YAM,Diachronic Atlas of Comparative Linguistics,23.8333,120.93
tai,Bunun,bnn,Austronesian,tai,YAM,Diachronic Atlas of Comparative Linguistics,23.4116,121.025
ubi,Bali,ban,Austronesian,ubi,YAM,Diachronic Atlas of Comparative Linguistics,-8.35714,115.075
ukrai,Khasi,kha,Austroasiatic,u krái,yam,Intercontinental Dictionary Series,24.977,91.9998
hona,Wa,#N/A,Austroasiatic,hon.A,yam,Intercontinental Dictionary Series,#N/A,#N/A
phlatcwak,Prai,prt,Austroasiatic,phläʔ tčwa:k,yam,Intercontinental Dictionary Series,19.0383,101.218
phletswak,Prai,prt,Austroasiatic,phlɛʔ tswa:k,yam,Intercontinental Dictionary Series,19.0383,101.218
kuaisiraro,Pusing,#N/A,Austroasiatic,kuai sɨ ra rɔ,yam,Intercontinental Dictionary Series,#N/A,#N/A
em,Mlabri,mra,Austroasiatic,ʔe mʌ,yam,Intercontinental Dictionary Series,18.5533,101.163
k@w31d@w33,Cuoi,#N/A,Austroasiatic,kəw.31 dəw.33,yam,Intercontinental Dictionary Series,#N/A,#N/A
khwaj33ti243,Cuoi,#N/A,Austroasiatic,khwa:j.33 tɨ.243ʔ,yam,Intercontinental Dictionary Series,#N/A,#N/A
kwaj24,Cuoi,#N/A,Austroasiatic,kwa:j.24,yam,Intercontinental Dictionary Series,#N/A,#N/A
cumai,Vietnamese,vie,Austroasiatic,cuʔ mài,yam,Intercontinental Dictionary Series,18.3887,106.757
cunau,Vietnamese,vie,Austroasiatic,cuʔ nâu,yam,Intercontinental Dictionary Series,18.3887,106.757
kou24phlu33,LiHa,#N/A,Austroasiatic,kou.24 phlu.33,yam,Intercontinental Dictionary Series,#N/A,#N/A
kwaj33phl@j33,LiHa,#N/A,Austroasiatic,kwa:j.33 phləj.33,yam,Intercontinental Dictionary Series,#N/A,#N/A
kwaj33t@i43,LiHa,#N/A,Austroasiatic,kwa:j.33 təɨ.43,yam,Intercontinental Dictionary Series,#N/A,#N/A
kwaj24,Phong,#N/A,Austroasiatic,kwa:j.24,yam,Intercontinental Dictionary Series,#N/A,#N/A
phlw33,Tum,#N/A,Austroasiatic,phlw.33,yam,Intercontinental Dictionary Series,#N/A,#N/A
kapw33,Kha Poong,#N/A,Austroasiatic,kapw.33,yam,Intercontinental Dictionary Series,#N/A,#N/A
madw33,Kha Poong,#N/A,Austroasiatic,madw.33,yam,Intercontinental Dictionary Series,#N/A,#N/A
teng33,Kha Poong,#N/A,Austroasiatic,tɛ:ŋ.33ʔ,yam,Intercontinental Dictionary Series,#N/A,#N/A
kw434ti22,Malieng,#N/A,Austroasiatic,kw.434 tɨ.22,yam,Intercontinental Dictionary Series,#N/A,#N/A
khuaimanonb,Ahlao Th,#N/A,Austroasiatic,khu̯ai̯ măn ʔɔnʔ.B,yam,Intercontinental Dictionary Series,#N/A,#N/A
fajthettn,Nyakur,#N/A,Austroasiatic,fâ:j the:t T+N,yam,Intercontinental Dictionary Series,#N/A,#N/A
mankew,Nyakur,#N/A,Austroasiatic,mankɛ:w,yam,Intercontinental Dictionary Series,#N/A,#N/A
olatehc,Kasong,#N/A,Austroasiatic,ʔo:l.A te:h.C,yam,Intercontinental Dictionary Series,#N/A,#N/A
urakewa,Samre,sxm,Austroasiatic,ʔu:r.A kɛ:w.A,yam,Intercontinental Dictionary Series,13.479,103.978
tungathetc,Chong,cog,Austroasiatic,tuŋ.A the:t.C,yam,Intercontinental Dictionary Series,12.5218,102.514
tlongchwi@,KNB (a Pearic variety),#N/A,Austroasiatic,tlo:ŋ chwi:ə,yam,Intercontinental Dictionary Series,#N/A,#N/A
plaphaw,Iduh,#N/A,Austroasiatic,plâ: phâw,yam,Intercontinental Dictionary Series,#N/A,#N/A
jia31tong35,Mang Ch,#N/A,Austroasiatic,jɨa.31 toŋ.35,yam,Intercontinental Dictionary Series,#N/A,#N/A
ppnufi,Proto Polynesian,#N/A,Austronesian,PPN *ʔufi,yam,Intercontinental Dictionary Series,#N/A,#N/A
qufi,Proto Polynesian,#N/A,Austronesian,*qufi,yam,Intercontinental Dictionary Series,#N/A,#N/A
uhi,Hawaiian,haw,Austronesian,uhi,yam,Intercontinental Dictionary Series,19.6297,-155.43
uwhi,Maori,mri,Austronesian,uwhi,yam,Intercontinental Dictionary Series,-38.2881,176.541
puauhi,Marquesan,#N/A,Austronesian,puauhi,yam,Intercontinental Dictionary Series,#N/A,#N/A
uhi,Rapa Nui,rap,Austronesian,ʔuhi,yam,Intercontinental Dictionary Series,-27.113,-109.342
uhi,Rotuman,rtm,Austronesian,ʔuhi,yam,Intercontinental Dictionary Series,-12.5008,177.066
ufi,Tongan,ton,Austronesian,ʔufi,yam,Intercontinental Dictionary Series,-21.17,-175.25
kwarangas,amaimon,ali,Nuclear Trans New Guinea,kwaraŋas,yam,Madang Comparative Wordlists,-5.18742,145.368
m,amaimon,ali,Nuclear Trans New Guinea,mʌ,yam,Madang Comparative Wordlists,-5.18742,145.368
malak,amele,aey,Nuclear Trans New Guinea,malak,yam,Madang Comparative Wordlists,-5.29126,145.687
o,amele,aey,Nuclear Trans New Guinea,ʔo,yam,Madang Comparative Wordlists,-5.29126,145.687
nambang,anam,pda,Nuclear Trans New Guinea,nambaŋ,yam,Madang Comparative Wordlists,-4.68869,145.051
nuza,anam,pda,Nuclear Trans New Guinea,nuza,yam,Madang Comparative Wordlists,-4.68869,145.051
mumba,anamgura,imi,Nuclear Trans New Guinea,mumba,yam,Madang Comparative Wordlists,-4.63762,144.991
nambmba,anamgura,imi,Nuclear Trans New Guinea,nambʌmba,yam,Madang Comparative Wordlists,-4.63762,144.991
alam,anjam,boj,Nuclear Trans New Guinea,alam,yam,Madang Comparative Wordlists,-5.45899,145.717
sambi,anjam,boj,Nuclear Trans New Guinea,sambi,yam,Madang Comparative Wordlists,-5.45899,145.717
gunja,apali,ena,Nuclear Trans New Guinea,ɣunja,yam,Madang Comparative Wordlists,-5.1727,145.023
kuni,apali,ena,Nuclear Trans New Guinea,kuni,yam,Madang Comparative Wordlists,-5.1727,145.023
doku,arawum,awm,Nuclear Trans New Guinea,doku,yam,Madang Comparative Wordlists,-5.52787,145.903
mulangk,arawum,awm,Nuclear Trans New Guinea,mulaŋk,yam,Madang Comparative Wordlists,-5.52787,145.903
debel,asas,asd,Nuclear Trans New Guinea,dɛbɛl,yam,Madang Comparative Wordlists,-5.69345,145.549
hou,asas,asd,Nuclear Trans New Guinea,hou,yam,Madang Comparative Wordlists,-5.69345,145.549
ma,atemble,ate,Nuclear Trans New Guinea,ma,yam,Madang Comparative Wordlists,-5.08137,144.806
tuguk,atemble,ate,Nuclear Trans New Guinea,tuguk,yam,Madang Comparative Wordlists,-5.08137,144.806
o,bagupi,bpi,Nuclear Trans New Guinea,ʔo,yam,Madang Comparative Wordlists,-5.07778,145.632
sabel,bagupi,bpi,Nuclear Trans New Guinea,sabɛl,yam,Madang Comparative Wordlists,-5.07778,145.632
murak,baimak,bmx,Nuclear Trans New Guinea,murak,yam,Madang Comparative Wordlists,-5.18943,145.606
o,baimak,bmx,Nuclear Trans New Guinea,ɔ,yam,Madang Comparative Wordlists,-5.18943,145.606
al,bargam,mlp,Nuclear Trans New Guinea,al,yam,Madang Comparative Wordlists,-4.8723,145.756
zabel,bargam,mlp,Nuclear Trans New Guinea,zabel,yam,Madang Comparative Wordlists,-4.8723,145.756
marak,bau,bbd,Nuclear Trans New Guinea,marak,yam,Madang Comparative Wordlists,-5.26465,145.611
o,bau,bbd,Nuclear Trans New Guinea,ʔo:,yam,Madang Comparative Wordlists,-5.26465,145.611
meeb,bepour,bie,Nuclear Trans New Guinea,meʔeb,yam,Madang Comparative Wordlists,-4.5985,145.442
oro,bepour,bie,Nuclear Trans New Guinea,ɔrɔʔ,yam,Madang Comparative Wordlists,-4.5985,145.442
m,bilakura,bql,Nuclear Trans New Guinea,mʌː,yam,Madang Comparative Wordlists,-4.93116,145.559
sabulam,bilakura,bql,Nuclear Trans New Guinea,sabulam,yam,Madang Comparative Wordlists,-4.93116,145.559
manggri,biyom,bpm,Nuclear Trans New Guinea,maŋgrʌi,yam,Madang Comparative Wordlists,-5.79929,145.348
yanu,biyom,bpm,Nuclear Trans New Guinea,yanu,yam,Madang Comparative Wordlists,-5.79929,145.348
alam,bongu,bpu,Nuclear Trans New Guinea,alam,yam,Madang Comparative Wordlists,-5.50519,145.806
sambi,bongu,bpu,Nuclear Trans New Guinea,sambi,yam,Madang Comparative Wordlists,-5.50519,145.806
oran,brem,buq,Nuclear Trans New Guinea,oran,yam,Madang Comparative Wordlists,-4.67372,145.562
singgua,brem,buq,Nuclear Trans New Guinea,siŋgua,yam,Madang Comparative Wordlists,-4.67372,145.562
dabr,danaru,dnr,Nuclear Trans New Guinea,dabr,yam,Madang Comparative Wordlists,-5.53634,145.457
gou,danaru,dnr,Nuclear Trans New Guinea,gou,yam,Madang Comparative Wordlists,-5.53634,145.457
imba,faita,faj,Nuclear Trans New Guinea,imba,yam,Madang Comparative Wordlists,-5.59947,145.298
wem,faita,faj,Nuclear Trans New Guinea,wem,yam,Madang Comparative Wordlists,-5.59947,145.298
au,gal,gap,Nuclear Trans New Guinea,au,yam,Madang Comparative Wordlists,-5.16351,145.623
murak,gal,gap,Nuclear Trans New Guinea,murak,yam,Madang Comparative Wordlists,-5.16351,145.623
kung,ganglau,ggl,Nuclear Trans New Guinea,kuŋ,yam,Madang Comparative Wordlists,-5.57945,146.13
mleg,ganglau,ggl,Nuclear Trans New Guinea,mleg,yam,Madang Comparative Wordlists,-5.57945,146.13
davel,garus,gyb,Nuclear Trans New Guinea,davɛl,yam,Madang Comparative Wordlists,-4.9222,145.683
igon,garus,gyb,Nuclear Trans New Guinea,igon,yam,Madang Comparative Wordlists,-4.9222,145.683
dibil,gavak,#N/A,Nuclear Trans New Guinea,dibil,yam,Madang Comparative Wordlists,#N/A,#N/A
kia,gavak,#N/A,Nuclear Trans New Guinea,kia,yam,Madang Comparative Wordlists,#N/A,#N/A
bor,girawa,bbr,Nuclear Trans New Guinea,bɔːr,yam,Madang Comparative Wordlists,-5.35342,145.423
mura,girawa,bbr,Nuclear Trans New Guinea,mura,yam,Madang Comparative Wordlists,-5.35342,145.423
malk,gumalu,gmu,Nuclear Trans New Guinea,malʌk,yam,Madang Comparative Wordlists,-5.22189,145.618
o,gumalu,gmu,Nuclear Trans New Guinea,o,yam,Madang Comparative Wordlists,-5.22189,145.618
k,isabi,isa,Nuclear Trans New Guinea,kʌ,yam,Madang Comparative Wordlists,-5.83809,145.462
nmo,isabi,isa,Nuclear Trans New Guinea,nʌːmo,yam,Madang Comparative Wordlists,-5.83809,145.462
marg,isebe,igo,Nuclear Trans New Guinea,marʌg,yam,Madang Comparative Wordlists,-5.20719,145.691
o,isebe,igo,Nuclear Trans New Guinea,ʔo,yam,Madang Comparative Wordlists,-5.20719,145.691
alim,jilim,jil,Nuclear Trans New Guinea,alim,yam,Madang Comparative Wordlists,-5.56611,145.706
alim,jilim,jil,Nuclear Trans New Guinea,alim,yam,Madang Comparative Wordlists,-5.56611,145.706
kerru,kare,kbn,Nuclear Trans New Guinea,kɛrʌːru,yam,Madang Comparative Wordlists,7.05641,15.2207
mainda,kare,kbn,Nuclear Trans New Guinea,mainda,yam,Madang Comparative Wordlists,7.05641,15.2207
l,kein,bmh,Nuclear Trans New Guinea,ʌl,yam,Madang Comparative Wordlists,-5.3373,145.483
mer,kein,bmh,Nuclear Trans New Guinea,mɛr,yam,Madang Comparative Wordlists,-5.3373,145.483
nhe,kesawai,xes,Nuclear Trans New Guinea,nʌhe,yam,Madang Comparative Wordlists,-5.76797,145.58
ou,kesawai,xes,Nuclear Trans New Guinea,ou,yam,Madang Comparative Wordlists,-5.76797,145.58
mena,kobol,kgu,Nuclear Trans New Guinea,mɛna,yam,Madang Comparative Wordlists,-4.79614,145.284
soborom,kobol,kgu,Nuclear Trans New Guinea,sobor̃om,yam,Madang Comparative Wordlists,-4.79614,145.284
sosonga,korak,koz,Nuclear Trans New Guinea,sosoŋa,yam,Madang Comparative Wordlists,-4.5998,145.514
wl,korak,koz,Nuclear Trans New Guinea,wʌl,yam,Madang Comparative Wordlists,-4.5998,145.514
mreb,kowaki,xow,Nuclear Trans New Guinea,mʌrɛb,yam,Madang Comparative Wordlists,-4.63032,145.412
neizab,kowaki,xow,Nuclear Trans New Guinea,neizab,yam,Madang Comparative Wordlists,-4.63032,145.412
kou,lemio,lei,Nuclear Trans New Guinea,kou,yam,Madang Comparative Wordlists,-5.61407,146.441
kuep,lemio,lei,Nuclear Trans New Guinea,kuep,yam,Madang Comparative Wordlists,-5.61407,146.441
kayab,maia-pila,#N/A,Nuclear Trans New Guinea,kayab,yam,Madang Comparative Wordlists,#N/A,#N/A
wangay,maia-pila,#N/A,Nuclear Trans New Guinea,waŋay,yam,Madang Comparative Wordlists,#N/A,#N/A
r,mala,ped,Nuclear Trans New Guinea,ʌr̃ʌ,yam,Madang Comparative Wordlists,-4.35889,145.04
susogi,mala,ped,Nuclear Trans New Guinea,susogi,yam,Madang Comparative Wordlists,-4.35889,145.04
kibinem,malas,mkr,Nuclear Trans New Guinea,kibinɛm,yam,Madang Comparative Wordlists,-4.76685,145.621
yinyim,malas,mkr,Nuclear Trans New Guinea,yinyim,yam,Madang Comparative Wordlists,-4.76685,145.621
alam,male,mdc,Nuclear Trans New Guinea,alam,yam,Madang Comparative Wordlists,-5.49975,145.757
sambi,male,mdc,Nuclear Trans New Guinea,sambi,yam,Madang Comparative Wordlists,-5.49975,145.757
murg,matepi,mqe,Nuclear Trans New Guinea,mur̃ʌːg,yam,Madang Comparative Wordlists,-5.13857,145.617
o,matepi,mqe,Nuclear Trans New Guinea,Ø,yam,Madang Comparative Wordlists,-5.13857,145.617
ibok,mauwake,mhl,Nuclear Trans New Guinea,ibokʌ,yam,Madang Comparative Wordlists,-4.52416,145.394
oloba,mauwake,mhl,Nuclear Trans New Guinea,oloba,yam,Madang Comparative Wordlists,-4.52416,145.394
mareb,mawak,mjj,Nuclear Trans New Guinea,mareb,yam,Madang Comparative Wordlists,-4.61817,145.283
sab,mawak,mjj,Nuclear Trans New Guinea,sab,yam,Madang Comparative Wordlists,-4.61817,145.283
murak,mawan,mcz,Nuclear Trans New Guinea,murak,yam,Madang Comparative Wordlists,-5.2219,145.589
o,mawan,mcz,Nuclear Trans New Guinea,Ø:,yam,Madang Comparative Wordlists,-5.2219,145.589
ayab,miani,pla,Nuclear Trans New Guinea,ayab,yam,Madang Comparative Wordlists,-4.42116,145.276
wanaz,miani,pla,Nuclear Trans New Guinea,wanaz,yam,Madang Comparative Wordlists,-4.42116,145.276
beb,migum,klm,Nuclear Trans New Guinea,beb,yam,Madang Comparative Wordlists,-5.57832,146.212
nai,migum,klm,Nuclear Trans New Guinea,ñai,yam,Madang Comparative Wordlists,-5.57832,146.212
isieb,moere,mvq,Nuclear Trans New Guinea,isieb,yam,Madang Comparative Wordlists,-4.62246,145.458
kinin,moere,mvq,Nuclear Trans New Guinea,kinin,yam,Madang Comparative Wordlists,-4.62246,145.458
momok,moresada,msx,Nuclear Trans New Guinea,mɔmɔk,yam,Madang Comparative Wordlists,-4.57497,144.988
yambb,moresada,msx,Nuclear Trans New Guinea,yambʌb,yam,Madang Comparative Wordlists,-4.57497,144.988
br,mosimo,mqv,Nuclear Trans New Guinea,ʔbʌrʌ,yam,Madang Comparative Wordlists,-4.95226,145.605
sabili,mosimo,mqv,Nuclear Trans New Guinea,sabili,yam,Madang Comparative Wordlists,-4.95226,145.605
konzo,mum,kqa,Nuclear Trans New Guinea,konzo,yam,Madang Comparative Wordlists,-4.83462,145.059
nambara,mum,kqa,Nuclear Trans New Guinea,ñambara,yam,Madang Comparative Wordlists,-4.83462,145.059
nana,mum,kqa,Nuclear Trans New Guinea,ñaña,yam,Madang Comparative Wordlists,-4.83462,145.059
kakli,munit,mtc,Nuclear Trans New Guinea,kakʌːli,yam,Madang Comparative Wordlists,-5.24329,145.548
memi,munit,mtc,Nuclear Trans New Guinea,memi,yam,Madang Comparative Wordlists,-5.24329,145.548
nemi,munit,mtc,Nuclear Trans New Guinea,nemi,yam,Madang Comparative Wordlists,-5.24329,145.548
gamg,murupi,mqw,Nuclear Trans New Guinea,gamʌg,yam,Madang Comparative Wordlists,-5.0245,145.606
sabela,murupi,mqw,Nuclear Trans New Guinea,sabɛla,yam,Madang Comparative Wordlists,-5.0245,145.606
ibu,musak,mmq,Nuclear Trans New Guinea,iːbʉ,yam,Madang Comparative Wordlists,-5.37407,145.197
sabr,musak,mmq,Nuclear Trans New Guinea,sabʌr,yam,Madang Comparative Wordlists,-5.37407,145.197
hep,musar,mmi,Nuclear Trans New Guinea,heʌp,yam,Madang Comparative Wordlists,-4.70258,145.413
saneng,musar,mmi,Nuclear Trans New Guinea,sa:neŋ,yam,Madang Comparative Wordlists,-4.70258,145.413
o,nake,nbk,Nuclear Trans New Guinea,ʔo,yam,Madang Comparative Wordlists,-5.09087,145.655
savel,nake,nbk,Nuclear Trans New Guinea,savɛl,yam,Madang Comparative Wordlists,-5.09087,145.655
awije,nend,anh,Nuclear Trans New Guinea,awije,yam,Madang Comparative Wordlists,-5.04271,144.886
unza,nend,anh,Nuclear Trans New Guinea,unʑa,yam,Madang Comparative Wordlists,-5.04271,144.886
au,nobonob,gaw,Nuclear Trans New Guinea,au,yam,Madang Comparative Wordlists,-5.06952,145.712
daber,nobonob,gaw,Nuclear Trans New Guinea,dabɛr̃,yam,Madang Comparative Wordlists,-5.06952,145.712
hambi,ogea,eri,Nuclear Trans New Guinea,ha:mbi,yam,Madang Comparative Wordlists,-5.37766,145.71
mona,ogea,eri,Nuclear Trans New Guinea,moña,yam,Madang Comparative Wordlists,-5.37766,145.71
me,pal,abw,Nuclear Trans New Guinea,mɛ,yam,Madang Comparative Wordlists,-4.756,145.24
touna,pal,abw,Nuclear Trans New Guinea,touna,yam,Madang Comparative Wordlists,-4.756,145.24
mr,pamosu,hih,Nuclear Trans New Guinea,mʌr,yam,Madang Comparative Wordlists,-4.69874,145.288
obut,pamosu,hih,Nuclear Trans New Guinea,obut,yam,Madang Comparative Wordlists,-4.69874,145.288
malg,panim,pnr,Nuclear Trans New Guinea,malʌg,yam,Madang Comparative Wordlists,-5.21388,145.752
o,panim,pnr,Nuclear Trans New Guinea,o:,yam,Madang Comparative Wordlists,-5.21388,145.752
agati,paynamar,pmr,Nuclear Trans New Guinea,agati,yam,Madang Comparative Wordlists,-4.94303,144.879
unza,paynamar,pmr,Nuclear Trans New Guinea,unza,yam,Madang Comparative Wordlists,-4.94303,144.879
kamu,pulabu,pup,Nuclear Trans New Guinea,ka:mu,yam,Madang Comparative Wordlists,-5.59558,145.738
munggli,pulabu,pup,Nuclear Trans New Guinea,muŋgʌli,yam,Madang Comparative Wordlists,-5.59558,145.738
igon,rapting,rpt,Nuclear Trans New Guinea,igon,yam,Madang Comparative Wordlists,-4.99351,145.671
tawel,rapting,rpt,Nuclear Trans New Guinea,tawɛl,yam,Madang Comparative Wordlists,-4.99351,145.671
di,rempi,rmp,Nuclear Trans New Guinea,diː,yam,Madang Comparative Wordlists,-5.02487,145.782
igon,rempi,rmp,Nuclear Trans New Guinea,iːgon,yam,Madang Comparative Wordlists,-5.02487,145.782
halim,rerau,rea,Nuclear Trans New Guinea,halim,yam,Madang Comparative Wordlists,-5.51361,145.716
sambi,rerau,rea,Nuclear Trans New Guinea,sambi,yam,Madang Comparative Wordlists,-5.51361,145.716
kung,saep,spd,Nuclear Trans New Guinea,kuŋ,yam,Madang Comparative Wordlists,-5.64812,146.078
maleg,saep,spd,Nuclear Trans New Guinea,malɛg,yam,Madang Comparative Wordlists,-5.64812,146.078
alam,sam,snx,Nuclear Trans New Guinea,alam,yam,Madang Comparative Wordlists,-5.55572,145.813
sambi,sam,snx,Nuclear Trans New Guinea,sambi,yam,Madang Comparative Wordlists,-5.55572,145.813
ara,samosa,swm,Nuclear Trans New Guinea,ara,yam,Madang Comparative Wordlists,-5.01391,145.537
gere,samosa,swm,Nuclear Trans New Guinea,gere,yam,Madang Comparative Wordlists,-5.01391,145.537
o,saruga,sra,Nuclear Trans New Guinea,o,yam,Madang Comparative Wordlists,-5.08824,145.578
savela,saruga,sra,Nuclear Trans New Guinea,savela,yam,Madang Comparative Wordlists,-5.08824,145.578
nbo,sausi,ssj,Nuclear Trans New Guinea,nʌːbo,yam,Madang Comparative Wordlists,-5.6873,145.492
ou,sausi,ssj,Nuclear Trans New Guinea,ou,yam,Madang Comparative Wordlists,-5.6873,145.492
mark,sihan,snr,Nuclear Trans New Guinea,marʌk,yam,Madang Comparative Wordlists,-5.28029,145.574
o,sihan,snr,Nuclear Trans New Guinea,ʔo,yam,Madang Comparative Wordlists,-5.28029,145.574
siwr,sihan,snr,Nuclear Trans New Guinea,siwʌr,yam,Madang Comparative Wordlists,-5.28029,145.574
kuni,sileibi,sbq,Nuclear Trans New Guinea,kuñi,yam,Madang Comparative Wordlists,-4.98243,145.225
nam,sileibi,sbq,Nuclear Trans New Guinea,ñam,yam,Madang Comparative Wordlists,-4.98243,145.225
kakr,silopi,xsp,Nuclear Trans New Guinea,kakʌr,yam,Madang Comparative Wordlists,-5.12302,145.586
o,silopi,xsp,Nuclear Trans New Guinea,ʔo,yam,Madang Comparative Wordlists,-5.12302,145.586
hou,sinsauru,snz,Nuclear Trans New Guinea,hou,yam,Madang Comparative Wordlists,-5.64336,145.599
tebel,sinsauru,snz,Nuclear Trans New Guinea,tɛbɛl,yam,Madang Comparative Wordlists,-5.64336,145.599
marang,siroi,ssd,Nuclear Trans New Guinea,mar̃aŋ,yam,Madang Comparative Wordlists,-5.52893,145.994
ngaad,siroi,ssd,Nuclear Trans New Guinea,ŋaʔad,yam,Madang Comparative Wordlists,-5.52893,145.994
deig,sop,urw,Nuclear Trans New Guinea,deig,yam,Madang Comparative Wordlists,-5.49605,145.361
gegu,sop,urw,Nuclear Trans New Guinea,gɛːgu,yam,Madang Comparative Wordlists,-5.49605,145.361
kib,sop,urw,Nuclear Trans New Guinea,kibʌ,yam,Madang Comparative Wordlists,-5.49605,145.361
iba,sumau,six,Nuclear Trans New Guinea,iba,yam,Madang Comparative Wordlists,-5.48556,145.474
murk,sumau,six,Nuclear Trans New Guinea,murʌk,yam,Madang Comparative Wordlists,-5.48556,145.474
niomo,tauya,tya,Nuclear Trans New Guinea,niomo,yam,Madang Comparative Wordlists,-5.74255,145.366
onamo,tauya,tya,Nuclear Trans New Guinea,onamo,yam,Madang Comparative Wordlists,-5.74255,145.366
kea,ukuriguma,ukg,Nuclear Trans New Guinea,kea,yam,Madang Comparative Wordlists,-4.94407,145.514
zaberam,ukuriguma,ukg,Nuclear Trans New Guinea,zaberam,yam,Madang Comparative Wordlists,-4.94407,145.514
dembere,urigina,urg,Nuclear Trans New Guinea,dɛːmbɛrɛ,yam,Madang Comparative Wordlists,-5.58982,145.507
kome,urigina,urg,Nuclear Trans New Guinea,ko:me,yam,Madang Comparative Wordlists,-5.58982,145.507
mni,usan,wnu,Nuclear Trans New Guinea,mʌni,yam,Madang Comparative Wordlists,-4.84265,145.362
tan,usan,wnu,Nuclear Trans New Guinea,tan,yam,Madang Comparative Wordlists,-4.84265,145.362
mo,utarmbung,omo,Nuclear Trans New Guinea,mo-,yam,Madang Comparative Wordlists,-4.82756,144.924
yapara,utarmbung,omo,Nuclear Trans New Guinea,yapara-,yam,Madang Comparative Wordlists,-4.82756,144.924
kakr,utu,utu,Nuclear Trans New Guinea,kakʌr,yam,Madang Comparative Wordlists,-5.16422,145.544
o,utu,utu,Nuclear Trans New Guinea,ʔo,yam,Madang Comparative Wordlists,-5.16422,145.544
murk,uya,usu,Nuclear Trans New Guinea,murʌk,yam,Madang Comparative Wordlists,-5.32246,145.47
muru,uya,usu,Nuclear Trans New Guinea,muru,yam,Madang Comparative Wordlists,-5.32246,145.47
sabi,uyajitaya,#N/A,Nuclear Trans New Guinea,sa:bi,yam,Madang Comparative Wordlists,#N/A,#N/A
simbo,uyajitaya,#N/A,Nuclear Trans New Guinea,simbo,yam,Madang Comparative Wordlists,#N/A,#N/A
wta,uyajitaya,#N/A,Nuclear Trans New Guinea,wʌta,yam,Madang Comparative Wordlists,#N/A,#N/A
yagiya,uyajitaya,#N/A,Nuclear Trans New Guinea,yagiya,yam,Madang Comparative Wordlists,#N/A,#N/A
nangnggpimp,wadaginam,wdg,Nuclear Trans New Guinea,naŋʌːŋgᵊpɨmp,yam,Madang Comparative Wordlists,-4.52754,144.972
wagminip,wadaginam,wdg,Nuclear Trans New Guinea,waɣᵊmɨnɨp,yam,Madang Comparative Wordlists,-4.52754,144.972
dawaer,wagi,fad,Nuclear Trans New Guinea,dawær,yam,Madang Comparative Wordlists,-5.17834,145.726
ka,wagi,fad,Nuclear Trans New Guinea,ka,yam,Madang Comparative Wordlists,-5.17834,145.726
pr,wamas,wmc,Nuclear Trans New Guinea,pʌrʌ,yam,Madang Comparative Wordlists,-4.97757,145.541
sabir,wamas,wmc,Nuclear Trans New Guinea,sabir,yam,Madang Comparative Wordlists,-4.97757,145.541
kaut,wanambre,wnb,Nuclear Trans New Guinea,kaut,yam,Madang Comparative Wordlists,-4.78822,145.419
kiya,wanambre,wnb,Nuclear Trans New Guinea,kiya,yam,Madang Comparative Wordlists,-4.78822,145.419
kirang,waskia,wsk,Nuclear Trans New Guinea,ki:raŋ,yam,Madang Comparative Wordlists,-4.57978,145.979
ulang,waskia,wsk,Nuclear Trans New Guinea,u:laŋ,yam,Madang Comparative Wordlists,-4.57978,145.979
ku,watiwa,#N/A,Nuclear Trans New Guinea,ku,yam,Madang Comparative Wordlists,#N/A,#N/A
kweie,watiwa,#N/A,Nuclear Trans New Guinea,kwɛie,yam,Madang Comparative Wordlists,#N/A,#N/A
soira,waube,#N/A,Nuclear Trans New Guinea,soira,yam,Madang Comparative Wordlists,#N/A,#N/A
yakia,waube,#N/A,Nuclear Trans New Guinea,yakia,yam,Madang Comparative Wordlists,#N/A,#N/A
mi,yaben,ybm,Nuclear Trans New Guinea,mi,yam,Madang Comparative Wordlists,-4.90868,145.361
zabulamu,yaben,ybm,Nuclear Trans New Guinea,zabula:mu,yam,Madang Comparative Wordlists,-4.90868,145.361
kung,yabong,ybo,Nuclear Trans New Guinea,kuŋ,yam,Madang Comparative Wordlists,-5.61718,146.206
muleg,yabong,ybo,Nuclear Trans New Guinea,muleg,yam,Madang Comparative Wordlists,-5.61718,146.206
berang,yangulam,ynl,Nuclear Trans New Guinea,bẽraŋ,yam,Madang Comparative Wordlists,-5.52697,145.858
oo,yangulam,ynl,Nuclear Trans New Guinea,oo,yam,Madang Comparative Wordlists,-5.52697,145.858
ki,yarawata,yrw,Nuclear Trans New Guinea,kiʌ,yam,Madang Comparative Wordlists,-4.93943,145.454
di,yoidik,ydk,Nuclear Trans New Guinea,di,yam,Madang Comparative Wordlists,-4.94044,145.758
igon,yoidik,ydk,Nuclear Trans New Guinea,igon,yam,Madang Comparative Wordlists,-4.94044,145.758
afi,Agufi,#N/A,Austronesian,afi,yam,Solomon Islands Languages,#N/A,#N/A
alapa,Alu,#N/A,Austronesian,alapa,yam,Solomon Islands Languages,#N/A,#N/A
upi,Anuta,aud,Austronesian,upi,yam,Solomon Islands Languages,-11.75,169.75
uhi,Are'are (1),#N/A,Austronesian,ūhi,yam,Solomon Islands Languages,#N/A,#N/A
uhi,Are'are (2),#N/A,Austronesian,ūhi,yam,Solomon Islands Languages,#N/A,#N/A
uhi,Arosi (1),#N/A,Austronesian,uhi,yam,Solomon Islands Languages,#N/A,#N/A
uhi,Arosi (2),#N/A,Austronesian,uhi,yam,Solomon Islands Languages,#N/A,#N/A
ndungguwo,Asumboa,aua,Austronesian,nduŋguwɔ,yam,Solomon Islands Languages,-11.2969,166.499
puli,Avasö,#N/A,Austronesian,puli,yam,Solomon Islands Languages,#N/A,#N/A
auhi,Bauro (1),#N/A,Austronesian,āuhi,yam,Solomon Islands Languages,#N/A,#N/A
auhi,Bauro (2),#N/A,Austronesian,auhi,yam,Solomon Islands Languages,#N/A,#N/A
uhi,Bellona,#N/A,Austronesian,!uhi,yam,Solomon Islands Languages,#N/A,#N/A
hnufi,Blablanga,blp,Austronesian,hnufi,yam,Solomon Islands Languages,-8.15058,159.419
uwo,Buma,#N/A,Austronesian,uwɔ,yam,Solomon Islands Languages,#N/A,#N/A
uvi,Dhadhaje,#N/A,Austronesian,uvi,yam,Solomon Islands Languages,#N/A,#N/A
ifi,Dori'o,dor,Austronesian,īfi,yam,Solomon Islands Languages,-9.11536,160.897
auhi,Faghani,#N/A,Austronesian,auhi,yam,Solomon Islands Languages,#N/A,#N/A
kai,Fataleka,far,Austronesian,kai,yam,Solomon Islands Languages,-8.59041,160.861
alapa,Fauro,#N/A,Austronesian,ālapa,yam,Solomon Islands Languages,#N/A,#N/A
uvi,Ghaimuta,#N/A,Austronesian,uvi,yam,Solomon Islands Languages,#N/A,#N/A
nindi,Ghanongga,ghn,Austronesian,nindi,yam,Solomon Islands Languages,-8.02035,156.552
uvi,Ghari,gri,Austronesian,uvi,yam,Solomon Islands Languages,-9.4791,159.917
sapu,Ghone,#N/A,Austronesian,sapu,yam,Solomon Islands Languages,#N/A,#N/A
bopa,Ghove,#N/A,Austronesian,bɔpa,yam,Solomon Islands Languages,#N/A,#N/A
auhi,Haununu,#N/A,Austronesian,auhi,yam,Solomon Islands Languages,#N/A,#N/A
kane,Hoava,hoa,Austronesian,kane,yam,Solomon Islands Languages,-8.19679,157.595
oehi,Kahua,agw,Austronesian,œhi,yam,Solomon Islands Languages,-10.6963,162.191
nomba,Katazi,#N/A,Austronesian,nomba,yam,Solomon Islands Languages,#N/A,#N/A
mingono,Kazukuru,kzk,Austronesian,miŋono,yam,Solomon Islands Languages,-8.23886,157.687
kumagi,Kia,#N/A,Austronesian,kumagi,yam,Solomon Islands Languages,#N/A,#N/A
soni,Kia,#N/A,Austronesian,sɔni,yam,Solomon Islands Languages,#N/A,#N/A
nufihnavi,Kilokaka,#N/A,Austronesian,nufi hnavi,yam,Solomon Islands Languages,#N/A,#N/A
nufi,Kmagha,#N/A,Austronesian,nufi,yam,Solomon Islands Languages,#N/A,#N/A
nufi,Kokota,kkk,Austronesian,nufi,yam,Solomon Islands Languages,-8.16481,159.191
uvi,Koo,#N/A,Austronesian,uvi,yam,Solomon Islands Languages,#N/A,#N/A
kane,Kusaghe,ksg,Austronesian,kane,yam,Solomon Islands Languages,-8.04056,157.463
kai,Kwai,#N/A,Austronesian,kai,yam,Solomon Islands Languages,#N/A,#N/A
laisi,Kwaio,kwd,Austronesian,laisi,yam,Solomon Islands Languages,-8.93744,160.965
ufi,Kwaio,kwd,Austronesian,ūfi,yam,Solomon Islands Languages,-8.93744,160.965
kai,Kwara'ae,kwf,Austronesian,kai,yam,Solomon Islands Languages,-8.75779,160.804
ufi,Langalanga,#N/A,Austronesian,ūfi,yam,Solomon Islands Languages,#N/A,#N/A
kai,Lau North,#N/A,Austronesian,kai,yam,Solomon Islands Languages,#N/A,#N/A
nufi,Leleghia,#N/A,Austronesian,nufi,yam,Solomon Islands Languages,#N/A,#N/A
uvi,Lengo,lgr,Austronesian,uvi,yam,Solomon Islands Languages,-9.56425,160.42
puli,Lömaumbi,#N/A,Austronesian,puli,yam,Solomon Islands Languages,#N/A,#N/A
uvi,Longgu,lgu,Austronesian,uvi,yam,Solomon Islands Languages,-9.75258,160.663
indi,Lungga,lga,Austronesian,indi,yam,Solomon Islands Languages,-8.17469,156.573
leku,Lwepe,#N/A,Austronesian,lekü,yam,Solomon Islands Languages,#N/A,#N/A
uvi,Malagheti,#N/A,Austronesian,uvi,yam,Solomon Islands Languages,#N/A,#N/A
uvi,Malango,mln,Austronesian,uvi,yam,Solomon Islands Languages,-9.61383,160.118
leku,Malo,mla,Austronesian,lekü,yam,Solomon Islands Languages,-15.6835,167.16
@fi,Mami,#N/A,Austronesian,əfi,yam,Solomon Islands Languages,#N/A,#N/A
uhi,Marau,mvr,Austronesian,uhi,yam,Solomon Islands Languages,-1.66738,135.797
uvi,Marovo,mvo,Austronesian,uvi,yam,Solomon Islands Languages,-8.37943,157.747
kai,Mbaelelea,#N/A,Austronesian,kai,yam,Solomon Islands Languages,#N/A,#N/A
kai,Mbaengguu,#N/A,Austronesian,kai,yam,Solomon Islands Languages,#N/A,#N/A
nomba,Mbambatana,#N/A,Austronesian,nomba,yam,Solomon Islands Languages,#N/A,#N/A
uvi,Mbareke,#N/A,Austronesian,uvi,yam,Solomon Islands Languages,#N/A,#N/A
uvi,Mbirao,#N/A,Austronesian,uvi,yam,Solomon Islands Languages,#N/A,#N/A
uvi,Moli,#N/A,Austronesian,uvi,yam,Solomon Islands Languages,#N/A,#N/A
alapa,Mono,mnh,Austronesian,alapa,yam,Solomon Islands Languages,4.57915,19.8264
ndaleku,Nanggu,#N/A,Austronesian,ndalekü,yam,Solomon Islands Languages,#N/A,#N/A
uvi,Ndi,#N/A,Austronesian,uvi,yam,Solomon Islands Languages,#N/A,#N/A
mahiri,Nduke,#N/A,Austronesian,mahiri,yam,Solomon Islands Languages,#N/A,#N/A
laiegi,Nembao,#N/A,Austronesian,laiɛγi,yam,Solomon Islands Languages,#N/A,#N/A
uvi,Nggae,#N/A,Austronesian,uvi,yam,Solomon Islands Languages,#N/A,#N/A
uvi,Nggela,#N/A,Austronesian,uvi,yam,Solomon Islands Languages,#N/A,#N/A
uvi,Nggeri,#N/A,Austronesian,uvi,yam,Solomon Islands Languages,#N/A,#N/A
uvi,Nginia,#N/A,Austronesian,uvi,yam,Solomon Islands Languages,#N/A,#N/A
usi,Ontong Java,ojv,Austronesian,ūsi,yam,Solomon Islands Languages,-5.49029,159.701
uhi,Oroha,ora,Austronesian,ūhi,yam,Solomon Islands Languages,-9.7386,161.513
uvi,Paripao,#N/A,Austronesian,uvi,yam,Solomon Islands Languages,#N/A,#N/A
omomaiu,Pileni,#N/A,Austronesian,omomaiū,yam,Solomon Islands Languages,#N/A,#N/A
uvi,Poleo,#N/A,Austronesian,uvi,yam,Solomon Islands Languages,#N/A,#N/A
nufi,Poro,#N/A,Austronesian,nufi,yam,Solomon Islands Languages,#N/A,#N/A
auhi,Rawo,rwa,Austronesian,auhi,yam,Solomon Islands Languages,-2.84201,141.603
uponji,Reefs,#N/A,Austronesian,uponĵi,yam,Solomon Islands Languages,#N/A,#N/A
uhi,Rennell,#N/A,Austronesian,!uhi,yam,Solomon Islands Languages,#N/A,#N/A
auhi,Rihu'a,#N/A,Austronesian,auhi,yam,Solomon Islands Languages,#N/A,#N/A
vuru,Ririo,rri,Austronesian,vuru,yam,Solomon Islands Languages,-6.88927,156.92
zuand,Ririo,rri,Austronesian,zuand,yam,Solomon Islands Languages,-6.88927,156.92
marihi,Roviana,rug,Austronesian,marihi,yam,Solomon Islands Languages,-8.20493,157.408
uhi,Sa'a (1),#N/A,Austronesian,ūhi,yam,Solomon Islands Languages,#N/A,#N/A
uhi,Sa'a (2),#N/A,Austronesian,ūhi,yam,Solomon Islands Languages,#N/A,#N/A
kumagi,Samasodu,#N/A,Austronesian,kumagi,yam,Solomon Islands Languages,#N/A,#N/A
aufi,Santa Ana,#N/A,Austronesian,aufi,yam,Solomon Islands Languages,#N/A,#N/A
afu,Santa Catalina,#N/A,Austronesian,afu,yam,Solomon Islands Languages,#N/A,#N/A
numba,Sengga,#N/A,Austronesian,numba,yam,Solomon Islands Languages,#N/A,#N/A
uhi,Sikaiana,sky,Austronesian,uhi,yam,Solomon Islands Languages,-8.38182,162.733
uvi,Simbo,sbb,Austronesian,uvi,yam,Solomon Islands Languages,-8.26947,156.541
uvi,Talise,tlr,Austronesian,uvi,yam,Solomon Islands Languages,-9.76764,160.231
uvi,Tandai,#N/A,Austronesian,uvi,yam,Solomon Islands Languages,#N/A,#N/A
uva,Tanema,tnx,Austronesian,uva,yam,Solomon Islands Languages,-11.68,166.97
noupio,Tanimbili,#N/A,Austronesian,noupio,yam,Solomon Islands Languages,#N/A,#N/A
nufi,Tataba,#N/A,Austronesian,nufi,yam,Solomon Islands Languages,#N/A,#N/A
oehi,Tawaroga,#N/A,Austronesian,œhi,yam,Solomon Islands Languages,#N/A,#N/A
ufi,Tikopia,tkp,Austronesian,ufi,yam,Solomon Islands Languages,-12.2766,168.822
kai,To'ambaita,#N/A,Austronesian,kai,yam,Solomon Islands Languages,#N/A,#N/A
uvi,Tolo,#N/A,Austronesian,uvi,yam,Solomon Islands Languages,#N/A,#N/A
nomba,Tunöe,#N/A,Austronesian,nomba,yam,Solomon Islands Languages,#N/A,#N/A
mbazu,Ughele,uge,Austronesian,mbazu,yam,Solomon Islands Languages,-8.45725,157.341
uhi,Uki Ni Masi,#N/A,Austronesian,uhi,yam,Solomon Islands Languages,#N/A,#N/A
uhi,Ulawa,#N/A,Austronesian,ūhi,yam,Solomon Islands Languages,#N/A,#N/A
sape,Vaghua,tva,Austronesian,sape,yam,Solomon Islands Languages,-6.68712,156.542
uvi,Vangunu,mpr,Austronesian,uvi,yam,Solomon Islands Languages,-8.66826,157.997
upie,Vano,#N/A,Austronesian,upie,yam,Solomon Islands Languages,#N/A,#N/A
inggama,Varisi,vrs,Austronesian,iŋgama,yam,Solomon Islands Languages,-6.83443,156.655
kai,Walade (LauS),#N/A,Austronesian,kai,yam,Solomon Islands Languages,#N/A,#N/A
mari,Mbilua,#N/A,Bilua,mari,yam,Solomon Islands Languages,#N/A,#N/A
mari,Ndovele,#N/A,Bilua,mari,yam,Solomon Islands Languages,#N/A,#N/A
uvi,Lavukaleve,lvk,Lavukaleve,uvi,yam,Solomon Islands Languages,-9.05569,159.119
uvi,Savosavo,svs,Savosavo,uvi,yam,Solomon Islands Languages,-9.12853,159.814
mboe,Lokuru,#N/A,Touo,mbōe,yam,Solomon Islands Languages,#N/A,#N/A
mboe,Mbaniata,#N/A,Touo,mbo*e,yam,Solomon Islands Languages,#N/A,#N/A
tal@s,Ceq Wong,#N/A,Austroasiatic,taləs,the yam,The World Loanword Database,#N/A,#N/A
khoailang,Vietnamese,vie,Austroasiatic,khoai lang,the yam,The World Loanword Database,18.3887,106.757
uhi2,Hawaiian,haw,Austronesian,uhi (2),the yam,The World Loanword Database,19.6297,-155.43
ubimadu,Indonesian,ind,Austronesian,ubi madu,the yam,The World Loanword Database,-7.33458,109.716
ovy,Malagasy,plt,Austronesian,òvy,the yam,The World Loanword Database,-19.5907,47.1211
annganang,Takia,tbc,Austronesian,anŋ-anaŋ,the yam,The World Loanword Database,-4.69057,145.975
dabel,Takia,tbc,Austronesian,dabel,the yam,The World Loanword Database,-4.69057,145.975
pikurta,Gurindji,#N/A,Pama-Nyungan,pikurta,the yam,The World Loanword Database,#N/A,#N/A
dzu,Ambakich (Agurant Dialect),#N/A,Ambakich,džuʌ,yam,TransNewGuinea.org,#N/A,#N/A
dzw@,Ambakich (Agurant Dialect),#N/A,Ambakich,dʒwə,yam,TransNewGuinea.org,#N/A,#N/A
dzo,Ambakich (Arango Dialect),#N/A,Ambakich,dʒo,yam,TransNewGuinea.org,#N/A,#N/A
dz@,Ambakich (Ombos Dialect),#N/A,Ambakich,dʒə,yam,TransNewGuinea.org,#N/A,#N/A
dzo,Ambakich (Pangin Dialect),#N/A,Ambakich,dʒo,yam,TransNewGuinea.org,#N/A,#N/A
dzo,Ambakich (Yaut Dialect),#N/A,Ambakich,dʒo,yam,TransNewGuinea.org,#N/A,#N/A
ere,Amto,amt,Amto-Musan,eře,yam,TransNewGuinea.org,-4.12165,141.339
re,Amto,amt,Amto-Musan,ʌře,yam,TransNewGuinea.org,-4.12165,141.339
yare,Siawi,mmp,Amto-Musan,yařɛ,yam,TransNewGuinea.org,-4.05312,141.42
wain,Ap Ma,kbx,Ap Ma,wa̠i̠n,yam,TransNewGuinea.org,-4.35147,144.085
lgask,Qaget,#N/A,Baining,ʌ lʌg̶askʌ̠,yam,TransNewGuinea.org,#N/A,#N/A
norgi,Ura,uro,Baining,Nořʌɣi,yam,TransNewGuinea.org,-4.64226,151.953
nr@k,Ura,uro,Baining,ʌ nʌřək,yam,TransNewGuinea.org,-4.64226,151.953
nr@k,Ura,uro,Baining,nʌřək,yam,TransNewGuinea.org,-4.64226,151.953
pam,Daga,dgz,Dagan,pam,yam,TransNewGuinea.org,-9.9747,149.263
wagoro,Dima,jma,Dagan,wagoro,yam,TransNewGuinea.org,-9.70322,149.605
iyao,Maiwa,mti,Dagan,i'yaᵒ,yam,TransNewGuinea.org,-9.69836,149.274
vapole,Proto-Eleman,#N/A,Eleman,*vapole,yam,TransNewGuinea.org,#N/A,#N/A
asi,Fuyug,fuy,Goilalan,asi,yam,TransNewGuinea.org,-8.6371,147.312
kamarava,Tauade,ttd,Goilalan,kamara'va,yam,TransNewGuinea.org,-8.3486,147.094
vajaka,Ese,mcq,Koiarian,vaja|k-a,yam,TransNewGuinea.org,-9.09451,148.376
vaea,Grass Koiari,#N/A,Koiarian,vaea,yam,TransNewGuinea.org,#N/A,#N/A
vaia,Koitabu,kqi,Koiarian,vaia,yam,TransNewGuinea.org,-9.36877,147.079
vadzi,Ömie,aom,Koiarian,vadzi,yam,TransNewGuinea.org,-9.03136,148.107
vaia,Proto-Koiarian,#N/A,Koiarian,*vaia,yam,TransNewGuinea.org,#N/A,#N/A
natongo,Kol,biw,Kol (Papua New Guinea),na'toŋo,yam,TransNewGuinea.org,3.65994,12.8574
maho,Uare,ksj,Kwalean,mahɔ,yam,TransNewGuinea.org,-9.69571,147.687
weiwo,Ama,amm,Left May,we:iwɔ,yam,TransNewGuinea.org,-4.20192,141.658
wiwo,Ama,amm,Left May,wiwoʔ,yam,TransNewGuinea.org,-4.20192,141.658
kwo,Bo,bgl,Left May,kwo,yam,TransNewGuinea.org,18.1866,104.953
wo,Iteri,itr,Left May,woʔ,yam,TransNewGuinea.org,-4.11998,141.585
wo,Iteri (Rocky Peak Dialect),#N/A,Left May,wo,yam,TransNewGuinea.org,#N/A,#N/A
ubeise,Nimo,niw,Left May,ubeise,yam,TransNewGuinea.org,-4.3582,141.578
moko,Owiniga,owi,Left May,moko,yam,TransNewGuinea.org,-4.47476,141.697
moko,Owiniga,owi,Left May,moko,yam,TransNewGuinea.org,-4.47476,141.697
papaki,Angoram,aog,Lower Sepik-Ramu,papaki,yam,TransNewGuinea.org,-4.07758,144.028
khem,Banaro,byz,Lower Sepik-Ramu,kʰɛm,yam,TransNewGuinea.org,-4.56615,144.329
moaleao,Murik,mtf,Lower Sepik-Ramu,moaleao,yam,TransNewGuinea.org,-3.86959,144.166
wawiao,Murik,mtf,Lower Sepik-Ramu,wawiao,yam,TransNewGuinea.org,-3.86959,144.166
akuy,Tabriak,tzx,Lower Sepik-Ramu,akuʌy,yam,TransNewGuinea.org,-4.49162,143.593
iu,Bauwaki,bwk,Mailuan,i'u,yam,TransNewGuinea.org,-9.82577,148.815
obili,Mailu (Asiaoro Dialect),#N/A,Mailuan,obili,yam,TransNewGuinea.org,#N/A,#N/A
obili,Mailu (Baibara Dialect),#N/A,Mailuan,obili,yam,TransNewGuinea.org,#N/A,#N/A
obili,Mailu (Borebo Dialect),#N/A,Mailuan,obili,yam,TransNewGuinea.org,#N/A,#N/A
obili,Mailu (Darava Dialect),#N/A,Mailuan,obili,yam,TransNewGuinea.org,#N/A,#N/A
obili,Mailu (Delebai Dialect),#N/A,Mailuan,obili,yam,TransNewGuinea.org,#N/A,#N/A
obili,Mailu (Domara Dialect),#N/A,Mailuan,obili,yam,TransNewGuinea.org,#N/A,#N/A
obili,Mailu (Geagea Dialect),#N/A,Mailuan,obili,yam,TransNewGuinea.org,#N/A,#N/A
obili,Mailu (Ilai Dialect),#N/A,Mailuan,obili,yam,TransNewGuinea.org,#N/A,#N/A
obili,Mailu (Island Dialect),#N/A,Mailuan,obili,yam,TransNewGuinea.org,#N/A,#N/A
kiroma,Proto-Doromu,#N/A,Manubaran,*kiroma,yam,TransNewGuinea.org,#N/A,#N/A
saisu,Proto-Doromu,#N/A,Manubaran,*saisu,yam,TransNewGuinea.org,#N/A,#N/A
kiroma,Proto-Manubaran,#N/A,Manubaran,*kiroma,yam,TransNewGuinea.org,#N/A,#N/A
saisu,Proto-Manubaran,#N/A,Manubaran,*saisu,yam,TransNewGuinea.org,#N/A,#N/A
haihu,Proto-Maria,#N/A,Manubaran,*haihu,yam,TransNewGuinea.org,#N/A,#N/A
iroma,Proto-Maria,#N/A,Manubaran,*iroma,yam,TransNewGuinea.org,#N/A,#N/A
kaumami,Gaikundi,gbf,Ndu,kaú mami,yam,TransNewGuinea.org,-4.01718,143.139
nan,Gaikundi,gbf,Ndu,ñañ,yam,TransNewGuinea.org,-4.01718,143.139
naeng,Iatmul (Brugnowi Dialect),#N/A,Ndu,ñaʔeŋ,yam,TransNewGuinea.org,#N/A,#N/A
naen,Iatmul (Kanganaman Dialect),#N/A,Ndu,ñaʔen,yam,TransNewGuinea.org,#N/A,#N/A
naeng,Iatmul (Korogo Dialect),#N/A,Ndu,ñaʔeŋ,yam,TransNewGuinea.org,#N/A,#N/A
nain,Iatmul (Tambanam Dialect),#N/A,Ndu,ñain,yam,TransNewGuinea.org,#N/A,#N/A
wuin,Abu' Arapesh,#N/A,Nuclear Torricelli,wʌʔuin,yam,TransNewGuinea.org,#N/A,#N/A
pinai,Abaga,abg,Nuclear Trans New Guinea,pi nai,yam,TransNewGuinea.org,-6.12028,145.665
abi,Alekano,gah,Nuclear Trans New Guinea,aƀi,yam,TransNewGuinea.org,-6.03901,145.387
asi,Alekano,gah,Nuclear Trans New Guinea,a-si,yam,TransNewGuinea.org,-6.03901,145.387
gasi,Alekano,gah,Nuclear Trans New Guinea,gasí,yam,TransNewGuinea.org,-6.03901,145.387
gasi,Alekano (Wanima Dialect),#N/A,Nuclear Trans New Guinea,gasí,yam,TransNewGuinea.org,#N/A,#N/A
gasi,Alekano (Wanima Dialect),#N/A,Nuclear Trans New Guinea,gasí,yam,TransNewGuinea.org,#N/A,#N/A
kwarangas,Amaimon,ali,Nuclear Trans New Guinea,kwaraŋas,yam,TransNewGuinea.org,-5.18742,145.368
m,Amaimon,ali,Nuclear Trans New Guinea,mʌ,yam,TransNewGuinea.org,-5.18742,145.368
malak,Amele,aey,Nuclear Trans New Guinea,malak,yam,TransNewGuinea.org,-5.29126,145.687
o,Amele,aey,Nuclear Trans New Guinea,ʔo,yam,TransNewGuinea.org,-5.29126,145.687
sabi,Amowe (Bere Dialect),#N/A,Nuclear Trans New Guinea,sɑbi,yam,TransNewGuinea.org,#N/A,#N/A
sabi,Amowe (Gomu Dialect),#N/A,Nuclear Trans New Guinea,sɑbi,yam,TransNewGuinea.org,#N/A,#N/A
sabi,Amowe (Tagoe Dialect),#N/A,Nuclear Trans New Guinea,sɑbi,yam,TransNewGuinea.org,#N/A,#N/A
nambang,Anam,pda,Nuclear Trans New Guinea,nambaŋ,yam,TransNewGuinea.org,-4.68869,145.051
nuza,Anam,pda,Nuclear Trans New Guinea,nuza,yam,TransNewGuinea.org,-4.68869,145.051
mumba,Anamgura,imi,Nuclear Trans New Guinea,mumba,yam,TransNewGuinea.org,-4.63762,144.991
nambmba,Anamgura,imi,Nuclear Trans New Guinea,nambʌmba,yam,TransNewGuinea.org,-4.63762,144.991
alam,Anjam,boj,Nuclear Trans New Guinea,alam,yam,TransNewGuinea.org,-5.45899,145.717
sambi,Anjam,boj,Nuclear Trans New Guinea,sambi,yam,TransNewGuinea.org,-5.45899,145.717
gunja,Apali,ena,Nuclear Trans New Guinea,ɣunja,yam,TransNewGuinea.org,-5.1727,145.023
gunja,Apali,ena,Nuclear Trans New Guinea,ɣunja,yam,TransNewGuinea.org,-5.1727,145.023
kuni,Apali,ena,Nuclear Trans New Guinea,kuni,yam,TransNewGuinea.org,-5.1727,145.023
doku,Arawum,awm,Nuclear Trans New Guinea,doku,yam,TransNewGuinea.org,-5.52787,145.903
mulangk,Arawum,awm,Nuclear Trans New Guinea,mulaŋk,yam,TransNewGuinea.org,-5.52787,145.903
debel,Asas,asd,Nuclear Trans New Guinea,dɛbɛl,yam,TransNewGuinea.org,-5.69345,145.549
hou,Asas,asd,Nuclear Trans New Guinea,hou,yam,TransNewGuinea.org,-5.69345,145.549
ma,Atemble,ate,Nuclear Trans New Guinea,ma,yam,TransNewGuinea.org,-5.08137,144.806
tuguk,Atemble,ate,Nuclear Trans New Guinea,tuguk,yam,TransNewGuinea.org,-5.08137,144.806
ahki,Awa,awb,Nuclear Trans New Guinea,ahʔki,yam,TransNewGuinea.org,-6.65534,145.714
ahweh,Awa,awb,Nuclear Trans New Guinea,ahweh',yam,TransNewGuinea.org,-6.65534,145.714
aw,Awa,awb,Nuclear Trans New Guinea,awʌ́ʔ,yam,TransNewGuinea.org,-6.65534,145.714
taawima,Awiyaana,auy,Nuclear Trans New Guinea,taawima,yam,TransNewGuinea.org,-6.54079,145.76
o,Bagupi,bpi,Nuclear Trans New Guinea,ʔo,yam,TransNewGuinea.org,-5.07778,145.632
sabel,Bagupi,bpi,Nuclear Trans New Guinea,sabɛl,yam,TransNewGuinea.org,-5.07778,145.632
murak,Baimak,bmx,Nuclear Trans New Guinea,murak,yam,TransNewGuinea.org,-5.18943,145.606
o,Baimak,bmx,Nuclear Trans New Guinea,ɔ,yam,TransNewGuinea.org,-5.18943,145.606
al,Bargam,mlp,Nuclear Trans New Guinea,al,yam,TransNewGuinea.org,-4.8723,145.756
zabel,Bargam,mlp,Nuclear Trans New Guinea,zabel,yam,TransNewGuinea.org,-4.8723,145.756
marak,Bau,bbd,Nuclear Trans New Guinea,marak,yam,TransNewGuinea.org,-5.26465,145.611
o,Bau,bbd,Nuclear Trans New Guinea,ʔo:,yam,TransNewGuinea.org,-5.26465,145.611
avi,Benabena,bef,Nuclear Trans New Guinea,ávi,yam,TransNewGuinea.org,-6.09974,145.534
meeb,Bepour,bie,Nuclear Trans New Guinea,meʔeb,yam,TransNewGuinea.org,-4.5985,145.442
oro,Bepour,bie,Nuclear Trans New Guinea,ɔrɔʔ,yam,TransNewGuinea.org,-4.5985,145.442
m,Bilakura,bql,Nuclear Trans New Guinea,mʌː,yam,TransNewGuinea.org,-4.93116,145.559
sabulam,Bilakura,bql,Nuclear Trans New Guinea,sabulam,yam,TransNewGuinea.org,-4.93116,145.559
wan,Bimin,bhl,Nuclear Trans New Guinea,wan,yam,TransNewGuinea.org,-5.38732,142.04
wan,Bimin (Fagobiw Dialect),#N/A,Nuclear Trans New Guinea,wan,yam,TransNewGuinea.org,#N/A,#N/A
wan,Bimin (Sengen Dialect),#N/A,Nuclear Trans New Guinea,wan,yam,TransNewGuinea.org,#N/A,#N/A
kawi,Bisorio (Iniai Dialect),#N/A,Nuclear Trans New Guinea,kawi,yam,TransNewGuinea.org,#N/A,#N/A
manggri,Biyom,bpm,Nuclear Trans New Guinea,maŋgrʌi,yam,TransNewGuinea.org,-5.79929,145.348
yanu,Biyom,bpm,Nuclear Trans New Guinea,yanu,yam,TransNewGuinea.org,-5.79929,145.348
alam,Bongu,bpu,Nuclear Trans New Guinea,alam,yam,TransNewGuinea.org,-5.50519,145.806
ayan,Bongu,bpu,Nuclear Trans New Guinea,ayan,yam,TransNewGuinea.org,-5.50519,145.806
kainda,Bongu,bpu,Nuclear Trans New Guinea,kainda,yam,TransNewGuinea.org,-5.50519,145.806
sambi,Bongu,bpu,Nuclear Trans New Guinea,sambi,yam,TransNewGuinea.org,-5.50519,145.806
oran,Brem,buq,Nuclear Trans New Guinea,oran,yam,TransNewGuinea.org,-4.67372,145.562
singgua,Brem,buq,Nuclear Trans New Guinea,siŋgua,yam,TransNewGuinea.org,-4.67372,145.562
dabr,Danaru,dnr,Nuclear Trans New Guinea,dabr,yam,TransNewGuinea.org,-5.53634,145.457
gou,Danaru,dnr,Nuclear Trans New Guinea,gou,yam,TransNewGuinea.org,-5.53634,145.457
gasa,Dano (Asaro Dialect),#N/A,Nuclear Trans New Guinea,gása,yam,TransNewGuinea.org,#N/A,#N/A
gvsa,Dano (Asaro Dialect),#N/A,Nuclear Trans New Guinea,ǥʌᵛsa,yam,TransNewGuinea.org,#N/A,#N/A
amu,Enga (Lapalama Dialect),#N/A,Nuclear Trans New Guinea,amu,yam,TransNewGuinea.org,#N/A,#N/A
amu,Enga (Lapalama Dialect),#N/A,Nuclear Trans New Guinea,amu,yam,TransNewGuinea.org,#N/A,#N/A
amu,Enga (Sari Dialect),#N/A,Nuclear Trans New Guinea,amu,yam,TransNewGuinea.org,#N/A,#N/A
amu,Enga (Wapi Dialect),#N/A,Nuclear Trans New Guinea,amu,yam,TransNewGuinea.org,#N/A,#N/A
imba,Faita,faj,Nuclear Trans New Guinea,imba,yam,TransNewGuinea.org,-5.59947,145.298
wem,Faita,faj,Nuclear Trans New Guinea,wem,yam,TransNewGuinea.org,-5.59947,145.298
wan,Faiwol (Dimtikin Dialect),#N/A,Nuclear Trans New Guinea,wɑn,yam,TransNewGuinea.org,#N/A,#N/A
thbi,Faiwol (Lowbip Dialect),#N/A,Nuclear Trans New Guinea,tʰʌbi,yam,TransNewGuinea.org,#N/A,#N/A
wandum,Faiwol (Selbang Dialect),#N/A,Nuclear Trans New Guinea,wɑndum,yam,TransNewGuinea.org,#N/A,#N/A
ago,Fore,for,Nuclear Trans New Guinea,ágo,yam,TransNewGuinea.org,-6.64473,145.507
araba,Fore,for,Nuclear Trans New Guinea,a:raba:,yam,TransNewGuinea.org,-6.64473,145.507
obai,Gadsup,gaj,Nuclear Trans New Guinea,obai,yam,TransNewGuinea.org,-6.31631,145.997
au,Gal,gap,Nuclear Trans New Guinea,au,yam,TransNewGuinea.org,-5.16351,145.623
murak,Gal,gap,Nuclear Trans New Guinea,murak,yam,TransNewGuinea.org,-5.16351,145.623
kung,Ganglau,ggl,Nuclear Trans New Guinea,kuŋ,yam,TransNewGuinea.org,-5.57945,146.13
mleg,Ganglau,ggl,Nuclear Trans New Guinea,mleg,yam,TransNewGuinea.org,-5.57945,146.13
davel,Garus,gyb,Nuclear Trans New Guinea,davɛl,yam,TransNewGuinea.org,-4.9222,145.683
igon,Garus,gyb,Nuclear Trans New Guinea,igon,yam,TransNewGuinea.org,-4.9222,145.683
dibil,Gavak,#N/A,Nuclear Trans New Guinea,dibil,yam,TransNewGuinea.org,#N/A,#N/A
kia,Gavak,#N/A,Nuclear Trans New Guinea,kia,yam,TransNewGuinea.org,#N/A,#N/A
kambai,Gende,gaf,Nuclear Trans New Guinea,kambai,yam,TransNewGuinea.org,-5.67528,145.177
kambai,Gende,gaf,Nuclear Trans New Guinea,kambai,yam,TransNewGuinea.org,-5.67528,145.177
ago,Gimi,gim,Nuclear Trans New Guinea,ago,yam,TransNewGuinea.org,-6.42097,145.214
bor,Girawa,bbr,Nuclear Trans New Guinea,bɔːr,yam,TransNewGuinea.org,-5.35342,145.423
mura,Girawa,bbr,Nuclear Trans New Guinea,mura,yam,TransNewGuinea.org,-5.35342,145.423
malk,Gumalu,gmu,Nuclear Trans New Guinea,malʌk,yam,TransNewGuinea.org,-5.22189,145.618
o,Gumalu,gmu,Nuclear Trans New Guinea,o,yam,TransNewGuinea.org,-5.22189,145.618
hagu,Yagaria (Hua Dialect),#N/A,Nuclear Trans New Guinea,ha'gu,yam,TransNewGuinea.org,#N/A,#N/A
avi,Inoke-Yate,ino,Nuclear Trans New Guinea,avi,yam,TransNewGuinea.org,-6.32311,145.539
k,Isabi,isa,Nuclear Trans New Guinea,kʌ,yam,TransNewGuinea.org,-5.83809,145.462
nmo,Isabi,isa,Nuclear Trans New Guinea,nʌːmo,yam,TransNewGuinea.org,-5.83809,145.462
marg,Isebe,igo,Nuclear Trans New Guinea,marʌg,yam,TransNewGuinea.org,-5.20719,145.691
o,Isebe,igo,Nuclear Trans New Guinea,ʔo,yam,TransNewGuinea.org,-5.20719,145.691
alim,Jilim,jil,Nuclear Trans New Guinea,alim,yam,TransNewGuinea.org,-5.56611,145.706
alim,Jilim,jil,Nuclear Trans New Guinea,alim,yam,TransNewGuinea.org,-5.56611,145.706
pd,Kalam,kmh,Nuclear Trans New Guinea,pd,yam,TransNewGuinea.org,-5.25216,144.585
avi,Kamano,kbq,Nuclear Trans New Guinea,ávi,yam,TransNewGuinea.org,-6.25829,145.728
kerru,Kare,kbn,Nuclear Trans New Guinea,kɛrʌːru,yam,TransNewGuinea.org,7.05641,15.2207
mainda,Kare,kbn,Nuclear Trans New Guinea,mainda,yam,TransNewGuinea.org,7.05641,15.2207
l,Kein,bmh,Nuclear Trans New Guinea,ʌl,yam,TransNewGuinea.org,-5.3373,145.483
mer,Kein,bmh,Nuclear Trans New Guinea,mɛr,yam,TransNewGuinea.org,-5.3373,145.483
nhe,Kesawai,xes,Nuclear Trans New Guinea,nʌhe,yam,TransNewGuinea.org,-5.76797,145.58
ou,Kesawai,xes,Nuclear Trans New Guinea,ou,yam,TransNewGuinea.org,-5.76797,145.58
mena,Kobol,kgu,Nuclear Trans New Guinea,mɛna,yam,TransNewGuinea.org,-4.79614,145.284
soborom,Kobol,kgu,Nuclear Trans New Guinea,sobor̃om,yam,TransNewGuinea.org,-4.79614,145.284
fonth,Kobon,kpw,Nuclear Trans New Guinea,ɸontʰ,yam,TransNewGuinea.org,-5.16446,144.46
pod,Kobon,kpw,Nuclear Trans New Guinea,pöd,yam,TransNewGuinea.org,-5.16446,144.46
nabo,Komba (Ândâ River Dialect),#N/A,Nuclear Trans New Guinea,nabo,yam,TransNewGuinea.org,#N/A,#N/A
aako,Komba (Gwama River (North) Dialect),#N/A,Nuclear Trans New Guinea,aako,yam,TransNewGuinea.org,#N/A,#N/A
nabo,Komba (Gwama River (South) Dialect),#N/A,Nuclear Trans New Guinea,nabo,yam,TransNewGuinea.org,#N/A,#N/A
tambai,Komba (Puleng River Dialect),#N/A,Nuclear Trans New Guinea,tâmbâi,yam,TransNewGuinea.org,#N/A,#N/A
sosonga,Korak,koz,Nuclear Trans New Guinea,sosoŋa,yam,TransNewGuinea.org,-4.5998,145.514
wl,Korak,koz,Nuclear Trans New Guinea,wʌl,yam,TransNewGuinea.org,-4.5998,145.514
mreb,Kowaki,xow,Nuclear Trans New Guinea,mʌrɛb,yam,TransNewGuinea.org,-4.63032,145.412
neizab,Kowaki,xow,Nuclear Trans New Guinea,neizab,yam,TransNewGuinea.org,-4.63032,145.412
kom,Kuman,kue,Nuclear Trans New Guinea,kom,yam,TransNewGuinea.org,-5.90586,144.977
amu,Kyaka,kyc,Nuclear Trans New Guinea,amu,yam,TransNewGuinea.org,-5.52462,144.119
inapo,Lembena,leq,Nuclear Trans New Guinea,inapo,yam,TransNewGuinea.org,-4.99504,143.891
inabo,Lembena (Maibi Dialect),#N/A,Nuclear Trans New Guinea,i'naβo,yam,TransNewGuinea.org,#N/A,#N/A
jebera,Lembena (Yariba Dialect),#N/A,Nuclear Trans New Guinea,jɛ'βɛɽa,yam,TransNewGuinea.org,#N/A,#N/A
kou,Lemio,lei,Nuclear Trans New Guinea,kou,yam,TransNewGuinea.org,-5.61407,146.441
kuep,Lemio,lei,Nuclear Trans New Guinea,kuep,yam,TransNewGuinea.org,-5.61407,146.441
kayab,Maia (Pila Dialect),#N/A,Nuclear Trans New Guinea,kayab,yam,TransNewGuinea.org,#N/A,#N/A
wangay,Maia (Pila Dialect),#N/A,Nuclear Trans New Guinea,waŋay,yam,TransNewGuinea.org,#N/A,#N/A
kayab,Maia (Saki Dialect),#N/A,Nuclear Trans New Guinea,kayab,yam,TransNewGuinea.org,#N/A,#N/A
wanga,Maia (Saki Dialect),#N/A,Nuclear Trans New Guinea,waŋa,yam,TransNewGuinea.org,#N/A,#N/A
r,Mala,ped,Nuclear Trans New Guinea,ʌr̃ʌ,yam,TransNewGuinea.org,-4.35889,145.04
susogi,Mala,ped,Nuclear Trans New Guinea,susogi,yam,TransNewGuinea.org,-4.35889,145.04
kibinem,Malas,mkr,Nuclear Trans New Guinea,kibinɛm,yam,TransNewGuinea.org,-4.76685,145.621
yinyim,Malas,mkr,Nuclear Trans New Guinea,yinyim,yam,TransNewGuinea.org,-4.76685,145.621
alam,Male,mdc,Nuclear Trans New Guinea,alam,yam,TransNewGuinea.org,-5.49975,145.757
sambi,Male,mdc,Nuclear Trans New Guinea,sambi,yam,TransNewGuinea.org,-5.49975,145.757
murg,Matepi,mqe,Nuclear Trans New Guinea,mur̃ʌːg,yam,TransNewGuinea.org,-5.13857,145.617
o,Matepi,mqe,Nuclear Trans New Guinea,Ø,yam,TransNewGuinea.org,-5.13857,145.617
ibok,Mauwake,mhl,Nuclear Trans New Guinea,ibokʌ,yam,TransNewGuinea.org,-4.52416,145.394
oloba,Mauwake,mhl,Nuclear Trans New Guinea,oloba,yam,TransNewGuinea.org,-4.52416,145.394
mareb,Mawak,mjj,Nuclear Trans New Guinea,mareb,yam,TransNewGuinea.org,-4.61817,145.283
sab,Mawak,mjj,Nuclear Trans New Guinea,sab,yam,TransNewGuinea.org,-4.61817,145.283
murak,Mawan,mcz,Nuclear Trans New Guinea,murak,yam,TransNewGuinea.org,-5.2219,145.589
o,Mawan,mcz,Nuclear Trans New Guinea,Ø:,yam,TransNewGuinea.org,-5.2219,145.589
ayab,Miani,pla,Nuclear Trans New Guinea,ayab,yam,TransNewGuinea.org,-4.42116,145.276
wanaz,Miani,pla,Nuclear Trans New Guinea,wanaz,yam,TransNewGuinea.org,-4.42116,145.276
mecg,Migabac,mpp,Nuclear Trans New Guinea,mecg,yam,TransNewGuinea.org,-6.33237,147.713
beb,Migum,klm,Nuclear Trans New Guinea,beb,yam,TransNewGuinea.org,-5.57832,146.212
nai,Migum,klm,Nuclear Trans New Guinea,ñai,yam,TransNewGuinea.org,-5.57832,146.212
isieb,Moere,mvq,Nuclear Trans New Guinea,isieb,yam,TransNewGuinea.org,-4.62246,145.458
kinin,Moere,mvq,Nuclear Trans New Guinea,kinin,yam,TransNewGuinea.org,-4.62246,145.458
momok,Moresada,msx,Nuclear Trans New Guinea,mɔmɔk,yam,TransNewGuinea.org,-4.57497,144.988
yambb,Moresada,msx,Nuclear Trans New Guinea,yambʌb,yam,TransNewGuinea.org,-4.57497,144.988
br,Mosimo,mqv,Nuclear Trans New Guinea,ʔbʌrʌ,yam,TransNewGuinea.org,-4.95226,145.605
sabili,Mosimo,mqv,Nuclear Trans New Guinea,sabili,yam,TransNewGuinea.org,-4.95226,145.605
konzo,Mum,kqa,Nuclear Trans New Guinea,konzo,yam,TransNewGuinea.org,-4.83462,145.059
kunja,Mum,kqa,Nuclear Trans New Guinea,kunja,yam,TransNewGuinea.org,-4.83462,145.059
nambara,Mum,kqa,Nuclear Trans New Guinea,ñambara,yam,TransNewGuinea.org,-4.83462,145.059
nana,Mum,kqa,Nuclear Trans New Guinea,ñaña,yam,TransNewGuinea.org,-4.83462,145.059
tute,Mungkip,mpv,Nuclear Trans New Guinea,tutɛ,yam,TransNewGuinea.org,-6.46208,146.747
kakli,Munit,mtc,Nuclear Trans New Guinea,kakʌːli,yam,TransNewGuinea.org,-5.24329,145.548
memi,Munit,mtc,Nuclear Trans New Guinea,memi,yam,TransNewGuinea.org,-5.24329,145.548
nemi,Munit,mtc,Nuclear Trans New Guinea,nemi,yam,TransNewGuinea.org,-5.24329,145.548
gamg,Murupi,mqw,Nuclear Trans New Guinea,gamʌg,yam,TransNewGuinea.org,-5.0245,145.606
sabela,Murupi,mqw,Nuclear Trans New Guinea,sabɛla,yam,TransNewGuinea.org,-5.0245,145.606
ibu,Musak,mmq,Nuclear Trans New Guinea,iːbʉ,yam,TransNewGuinea.org,-5.37407,145.197
sabr,Musak,mmq,Nuclear Trans New Guinea,sabʌr,yam,TransNewGuinea.org,-5.37407,145.197
hep,Musar,mmi,Nuclear Trans New Guinea,heʌp,yam,TransNewGuinea.org,-4.70258,145.413
saneng,Musar,mmi,Nuclear Trans New Guinea,sa:neŋ,yam,TransNewGuinea.org,-4.70258,145.413
mohoq,Nakame (Dzenzen Dialect),#N/A,Nuclear Trans New Guinea,mohoq,yam,TransNewGuinea.org,#N/A,#N/A
tute,Nakame (Munguleng Dialect),#N/A,Nuclear Trans New Guinea,tu·te,yam,TransNewGuinea.org,#N/A,#N/A
tute,Nakame (Popof Dialect),#N/A,Nuclear Trans New Guinea,tute,yam,TransNewGuinea.org,#N/A,#N/A
miseak,Nakame (Sikalan Dialect),#N/A,Nuclear Trans New Guinea,mɨsɛak,yam,TransNewGuinea.org,#N/A,#N/A
mohoq,Nakame (Sokan Dialect),#N/A,Nuclear Trans New Guinea,mohoq,yam,TransNewGuinea.org,#N/A,#N/A
mohoq,Nakame (Wasin Dialect),#N/A,Nuclear Trans New Guinea,mohoq,yam,TransNewGuinea.org,#N/A,#N/A
o,Nake,nbk,Nuclear Trans New Guinea,ʔo,yam,TransNewGuinea.org,-5.09087,145.655
savel,Nake,nbk,Nuclear Trans New Guinea,savɛl,yam,TransNewGuinea.org,-5.09087,145.655
tot,Nek (Goambot Dialect),#N/A,Nuclear Trans New Guinea,tot,yam,TransNewGuinea.org,#N/A,#N/A
awije,Nend,anh,Nuclear Trans New Guinea,awije,yam,TransNewGuinea.org,-5.04271,144.886
unsa,Nend,anh,Nuclear Trans New Guinea,unsa,yam,TransNewGuinea.org,-5.04271,144.886
unza,Nend,anh,Nuclear Trans New Guinea,unʑa,yam,TransNewGuinea.org,-5.04271,144.886
au,Nobonob,gaw,Nuclear Trans New Guinea,au,yam,TransNewGuinea.org,-5.06952,145.712
daber,Nobonob,gaw,Nuclear Trans New Guinea,dabɛr̃,yam,TransNewGuinea.org,-5.06952,145.712
namb@t,Nuk (Tamben Dialect),#N/A,Nuclear Trans New Guinea,nɑmbət,yam,TransNewGuinea.org,#N/A,#N/A
n@mbet,Nuk (Tunam Dialect),#N/A,Nuclear Trans New Guinea,nəmbɛt,yam,TransNewGuinea.org,#N/A,#N/A
hambi,Ogea,eri,Nuclear Trans New Guinea,ha:mbi,yam,TransNewGuinea.org,-5.37766,145.71
mona,Ogea,eri,Nuclear Trans New Guinea,moña,yam,TransNewGuinea.org,-5.37766,145.71
me,Pal,abw,Nuclear Trans New Guinea,mɛ,yam,TransNewGuinea.org,-4.756,145.24
touna,Pal,abw,Nuclear Trans New Guinea,touna,yam,TransNewGuinea.org,-4.756,145.24
mr,Pamosu,hih,Nuclear Trans New Guinea,mʌr,yam,TransNewGuinea.org,-4.69874,145.288
obut,Pamosu,hih,Nuclear Trans New Guinea,obut,yam,TransNewGuinea.org,-4.69874,145.288
malg,Panim,pnr,Nuclear Trans New Guinea,malʌg,yam,TransNewGuinea.org,-5.21388,145.752
o,Panim,pnr,Nuclear Trans New Guinea,o:,yam,TransNewGuinea.org,-5.21388,145.752
ki,Parawen,prw,Nuclear Trans New Guinea,kiʌ,yam,TransNewGuinea.org,-5.0112,145.418
koutu,Parawen,prw,Nuclear Trans New Guinea,koutu,yam,TransNewGuinea.org,-5.0112,145.418
saburama,Parawen,prw,Nuclear Trans New Guinea,sabura:ma,yam,TransNewGuinea.org,-5.0112,145.418
agati,Paynamar,pmr,Nuclear Trans New Guinea,agati,yam,TransNewGuinea.org,-4.94303,144.879
unza,Paynamar,pmr,Nuclear Trans New Guinea,unza,yam,TransNewGuinea.org,-4.94303,144.879
kunza,Proto-Central-Sogeram,#N/A,Nuclear Trans New Guinea,*kunza,yam,TransNewGuinea.org,#N/A,#N/A
kou,Proto-Croisilles,#N/A,Nuclear Trans New Guinea,*kou,yam,TransNewGuinea.org,#N/A,#N/A
sambi,Proto-Croisilles,#N/A,Nuclear Trans New Guinea,*sambi,yam,TransNewGuinea.org,#N/A,#N/A
kau,Proto-Mabuso,#N/A,Nuclear Trans New Guinea,*kau,yam,TransNewGuinea.org,#N/A,#N/A
kou,Proto-Rai-Coast,#N/A,Nuclear Trans New Guinea,*kou,yam,TransNewGuinea.org,#N/A,#N/A
sabi,Proto-Rai-Coast,#N/A,Nuclear Trans New Guinea,*sabi,yam,TransNewGuinea.org,#N/A,#N/A
sambi,Proto-Rai-Coast,#N/A,Nuclear Trans New Guinea,*sambi,yam,TransNewGuinea.org,#N/A,#N/A
kunsa,Proto-Sogeram,#N/A,Nuclear Trans New Guinea,*kunsa,yam,TransNewGuinea.org,#N/A,#N/A
nambara,Proto-South-Adelbert,#N/A,Nuclear Trans New Guinea,*ñambara,yam,TransNewGuinea.org,#N/A,#N/A
isiab,Proto-Tibor-Omosa,#N/A,Nuclear Trans New Guinea,*isiab,yam,TransNewGuinea.org,#N/A,#N/A
unsa,Proto-Western-Sogeram,#N/A,Nuclear Trans New Guinea,*unsa,yam,TransNewGuinea.org,#N/A,#N/A
kamu,Pulabu,pup,Nuclear Trans New Guinea,ka:mu,yam,TransNewGuinea.org,-5.59558,145.738
munggli,Pulabu,pup,Nuclear Trans New Guinea,muŋgʌli,yam,TransNewGuinea.org,-5.59558,145.738
igon,Rapting,rpt,Nuclear Trans New Guinea,igon,yam,TransNewGuinea.org,-4.99351,145.671
tawel,Rapting,rpt,Nuclear Trans New Guinea,tawɛl,yam,TransNewGuinea.org,-4.99351,145.671
di,Rempi,rmp,Nuclear Trans New Guinea,diː,yam,TransNewGuinea.org,-5.02487,145.782
igon,Rempi,rmp,Nuclear Trans New Guinea,iːgon,yam,TransNewGuinea.org,-5.02487,145.782
halim,Rerau,rea,Nuclear Trans New Guinea,halim,yam,TransNewGuinea.org,-5.51361,145.716
sambi,Rerau,rea,Nuclear Trans New Guinea,sambi,yam,TransNewGuinea.org,-5.51361,145.716
kung,Saep,spd,Nuclear Trans New Guinea,kuŋ,yam,TransNewGuinea.org,-5.64812,146.078
maleg,Saep,spd,Nuclear Trans New Guinea,malɛg,yam,TransNewGuinea.org,-5.64812,146.078
alam,Sam,snx,Nuclear Trans New Guinea,alam,yam,TransNewGuinea.org,-5.55572,145.813
sambi,Sam,snx,Nuclear Trans New Guinea,sambi,yam,TransNewGuinea.org,-5.55572,145.813
sambi,Sam (Buan Dialect),#N/A,Nuclear Trans New Guinea,sambi,yam,TransNewGuinea.org,#N/A,#N/A
sambi,Sam (Songum Dialect),#N/A,Nuclear Trans New Guinea,sambi,yam,TransNewGuinea.org,#N/A,#N/A
sambi,Sam (Wongbe Dialect),#N/A,Nuclear Trans New Guinea,sambi,yam,TransNewGuinea.org,#N/A,#N/A
ara,Samosa,swm,Nuclear Trans New Guinea,ara,yam,TransNewGuinea.org,-5.01391,145.537
gere,Samosa,swm,Nuclear Trans New Guinea,gere,yam,TransNewGuinea.org,-5.01391,145.537
o,Saruga,sra,Nuclear Trans New Guinea,o,yam,TransNewGuinea.org,-5.08824,145.578
savela,Saruga,sra,Nuclear Trans New Guinea,savela,yam,TransNewGuinea.org,-5.08824,145.578
nbo,Sausi,ssj,Nuclear Trans New Guinea,nʌːbo,yam,TransNewGuinea.org,-5.6873,145.492
ou,Sausi,ssj,Nuclear Trans New Guinea,ou,yam,TransNewGuinea.org,-5.6873,145.492
wan,Setaman (Baktamin Dialect),#N/A,Nuclear Trans New Guinea,wɑn,yam,TransNewGuinea.org,#N/A,#N/A
dakas,Setaman (Ngisokabip Dialect),#N/A,Nuclear Trans New Guinea,dɑkɑs,yam,TransNewGuinea.org,#N/A,#N/A
dakas,Setaman (Seltamin Dialect),#N/A,Nuclear Trans New Guinea,dɑkɑs,yam,TransNewGuinea.org,#N/A,#N/A
ka,Siane,snp,Nuclear Trans New Guinea,ka,yam,TransNewGuinea.org,-6.13188,145.247
ka,Siane,snp,Nuclear Trans New Guinea,ká,yam,TransNewGuinea.org,-6.13188,145.247
gasa,Siane (Kovena Dialect),#N/A,Nuclear Trans New Guinea,gasa,yam,TransNewGuinea.org,#N/A,#N/A
mark,Sihan,snr,Nuclear Trans New Guinea,marʌk,yam,TransNewGuinea.org,-5.28029,145.574
o,Sihan,snr,Nuclear Trans New Guinea,ʔo,yam,TransNewGuinea.org,-5.28029,145.574
siwr,Sihan,snr,Nuclear Trans New Guinea,siwʌr,yam,TransNewGuinea.org,-5.28029,145.574
kuni,Sileibi,sbq,Nuclear Trans New Guinea,kuñi,yam,TransNewGuinea.org,-4.98243,145.225
nam,Sileibi,sbq,Nuclear Trans New Guinea,ñam,yam,TransNewGuinea.org,-4.98243,145.225
kakr,Silopi,xsp,Nuclear Trans New Guinea,kakʌr,yam,TransNewGuinea.org,-5.12302,145.586
o,Silopi,xsp,Nuclear Trans New Guinea,ʔo,yam,TransNewGuinea.org,-5.12302,145.586
hou,Sinsauru,snz,Nuclear Trans New Guinea,hou,yam,TransNewGuinea.org,-5.64336,145.599
tebel,Sinsauru,snz,Nuclear Trans New Guinea,tɛbɛl,yam,TransNewGuinea.org,-5.64336,145.599
marang,Siroi,ssd,Nuclear Trans New Guinea,mar̃aŋ,yam,TransNewGuinea.org,-5.52893,145.994
ngaad,Siroi,ssd,Nuclear Trans New Guinea,ŋaʔad,yam,TransNewGuinea.org,-5.52893,145.994
medeng,Som,smc,Nuclear Trans New Guinea,mɛdᵋʌŋ,yam,TransNewGuinea.org,-6.07366,146.651
deig,Sop,urw,Nuclear Trans New Guinea,deig,yam,TransNewGuinea.org,-5.49605,145.361
gegu,Sop,urw,Nuclear Trans New Guinea,gɛːgu,yam,TransNewGuinea.org,-5.49605,145.361
kib,Sop,urw,Nuclear Trans New Guinea,kibʌ,yam,TransNewGuinea.org,-5.49605,145.361
iba,Sumau,six,Nuclear Trans New Guinea,iba,yam,TransNewGuinea.org,-5.48556,145.474
murk,Sumau,six,Nuclear Trans New Guinea,murʌk,yam,TransNewGuinea.org,-5.48556,145.474
oba,"Tairora, North",tbg,Nuclear Trans New Guinea,oba,yam,TransNewGuinea.org,-6.51563,145.959
tana,"Tairora, South",omw,Nuclear Trans New Guinea,tana,yam,TransNewGuinea.org,-6.35337,145.883
niomo,Tauya,tya,Nuclear Trans New Guinea,niomo,yam,TransNewGuinea.org,-5.74255,145.366
onamo,Tauya,tya,Nuclear Trans New Guinea,onamo,yam,TransNewGuinea.org,-5.74255,145.366
gasa,Tokano,zuh,Nuclear Trans New Guinea,ǥasa,yam,TransNewGuinea.org,-6.05047,145.298
kea,Ukuriguma,ukg,Nuclear Trans New Guinea,kea,yam,TransNewGuinea.org,-4.94407,145.514
zaberam,Ukuriguma,ukg,Nuclear Trans New Guinea,zaberam,yam,TransNewGuinea.org,-4.94407,145.514
dang,Uri (Siara Dialect),#N/A,Nuclear Trans New Guinea,dɑŋ,yam,TransNewGuinea.org,#N/A,#N/A
dang,Uri (Sintogoro Dialect),#N/A,Nuclear Trans New Guinea,dɑŋ,yam,TransNewGuinea.org,#N/A,#N/A
dembere,Urigina,urg,Nuclear Trans New Guinea,dɛːmbɛrɛ,yam,TransNewGuinea.org,-5.58982,145.507
kome,Urigina,urg,Nuclear Trans New Guinea,ko:me,yam,TransNewGuinea.org,-5.58982,145.507
mni,Usan,wnu,Nuclear Trans New Guinea,mʌni,yam,TransNewGuinea.org,-4.84265,145.362
tan,Usan,wnu,Nuclear Trans New Guinea,tan,yam,TransNewGuinea.org,-4.84265,145.362
mo,Utarmbung,omo,Nuclear Trans New Guinea,mo-,yam,TransNewGuinea.org,-4.82756,144.924
yapara,Utarmbung,omo,Nuclear Trans New Guinea,yapara-,yam,TransNewGuinea.org,-4.82756,144.924
kakr,Utu,utu,Nuclear Trans New Guinea,kakʌr,yam,TransNewGuinea.org,-5.16422,145.544
o,Utu,utu,Nuclear Trans New Guinea,ʔo,yam,TransNewGuinea.org,-5.16422,145.544
murk,Uya,usu,Nuclear Trans New Guinea,murʌk,yam,TransNewGuinea.org,-5.32246,145.47
muru,Uya,usu,Nuclear Trans New Guinea,muru,yam,TransNewGuinea.org,-5.32246,145.47
sabi,Uyajitaya,#N/A,Nuclear Trans New Guinea,sa:bi,yam,TransNewGuinea.org,#N/A,#N/A
simbo,Uyajitaya,#N/A,Nuclear Trans New Guinea,simbo,yam,TransNewGuinea.org,#N/A,#N/A
wta,Uyajitaya,#N/A,Nuclear Trans New Guinea,wʌta,yam,TransNewGuinea.org,#N/A,#N/A
yagiya,Uyajitaya,#N/A,Nuclear Trans New Guinea,yagiya,yam,TransNewGuinea.org,#N/A,#N/A
sabi,Uyajitaya (Didiwala Dialect),#N/A,Nuclear Trans New Guinea,sɑbi,yam,TransNewGuinea.org,#N/A,#N/A
sabi,Uyajitaya (Gisi Dialect),#N/A,Nuclear Trans New Guinea,sɑbi,yam,TransNewGuinea.org,#N/A,#N/A
sabi,Uyajitaya (Palipa Dialect),#N/A,Nuclear Trans New Guinea,sɑbi,yam,TransNewGuinea.org,#N/A,#N/A
sabi,Uyajitaya (Subalulu Dialect),#N/A,Nuclear Trans New Guinea,sɑbi,yam,TransNewGuinea.org,#N/A,#N/A
sabi,Uyajitaya (Udibai Dialect),#N/A,Nuclear Trans New Guinea,sɑbi,yam,TransNewGuinea.org,#N/A,#N/A
sabi,Uyajitaya (Uya Dialect),#N/A,Nuclear Trans New Guinea,sɑbi,yam,TransNewGuinea.org,#N/A,#N/A
nangnggpimp,Wadaginam,wdg,Nuclear Trans New Guinea,naŋʌːŋgᵊpɨmp,yam,TransNewGuinea.org,-4.52754,144.972
wagminip,Wadaginam,wdg,Nuclear Trans New Guinea,waɣᵊmɨnɨp,yam,TransNewGuinea.org,-4.52754,144.972
dawaer,Wagi,fad,Nuclear Trans New Guinea,dawær,yam,TransNewGuinea.org,-5.17834,145.726
ka,Wagi,fad,Nuclear Trans New Guinea,ka,yam,TransNewGuinea.org,-5.17834,145.726
daver,Wagi (Foran Dialect),#N/A,Nuclear Trans New Guinea,davɛr,yam,TransNewGuinea.org,#N/A,#N/A
daver,Wagi (Kamba Dialect),#N/A,Nuclear Trans New Guinea,davɛr,yam,TransNewGuinea.org,#N/A,#N/A
daver,Wagi (Kauris Dialect),#N/A,Nuclear Trans New Guinea,davɛr,yam,TransNewGuinea.org,#N/A,#N/A
daver,Wagi (Mis Dialect),#N/A,Nuclear Trans New Guinea,davɛr,yam,TransNewGuinea.org,#N/A,#N/A
daver,Wagi (Silibob Dialect),#N/A,Nuclear Trans New Guinea,davɛr,yam,TransNewGuinea.org,#N/A,#N/A
pr,Wamas,wmc,Nuclear Trans New Guinea,pʌrʌ,yam,TransNewGuinea.org,-4.97757,145.541
sabir,Wamas,wmc,Nuclear Trans New Guinea,sabir,yam,TransNewGuinea.org,-4.97757,145.541
kaut,Wanambre,wnb,Nuclear Trans New Guinea,kaut,yam,TransNewGuinea.org,-4.78822,145.419
kiya,Wanambre,wnb,Nuclear Trans New Guinea,kiya,yam,TransNewGuinea.org,-4.78822,145.419
kirang,Waskia,wsk,Nuclear Trans New Guinea,ki:raŋ,yam,TransNewGuinea.org,-4.57978,145.979
ulang,Waskia,wsk,Nuclear Trans New Guinea,u:laŋ,yam,TransNewGuinea.org,-4.57978,145.979
ku,Watiwa,#N/A,Nuclear Trans New Guinea,ku,yam,TransNewGuinea.org,#N/A,#N/A
kweie,Watiwa,#N/A,Nuclear Trans New Guinea,kwɛie,yam,TransNewGuinea.org,#N/A,#N/A
soira,Waube,#N/A,Nuclear Trans New Guinea,soira,yam,TransNewGuinea.org,#N/A,#N/A
yakia,Waube,#N/A,Nuclear Trans New Guinea,yakia,yam,TransNewGuinea.org,#N/A,#N/A
mi,Yaben,ybm,Nuclear Trans New Guinea,mi,yam,TransNewGuinea.org,-4.90868,145.361
zabulamu,Yaben,ybm,Nuclear Trans New Guinea,zabula:mu,yam,TransNewGuinea.org,-4.90868,145.361
kung,Yabong,ybo,Nuclear Trans New Guinea,kuŋ,yam,TransNewGuinea.org,-5.61718,146.206
muleg,Yabong,ybo,Nuclear Trans New Guinea,muleg,yam,TransNewGuinea.org,-5.61718,146.206
hago,Yagaria,ygr,Nuclear Trans New Guinea,hagó,yam,TransNewGuinea.org,-6.32432,145.388
hgo,Yagaria (Hira Dialect),#N/A,Nuclear Trans New Guinea,hᵊǥo,yam,TransNewGuinea.org,#N/A,#N/A
hgo,Yagaria (Hira Dialect),#N/A,Nuclear Trans New Guinea,hᵊǥo,yam,TransNewGuinea.org,#N/A,#N/A
berang,Yangulam,ynl,Nuclear Trans New Guinea,bẽraŋ,yam,TransNewGuinea.org,-5.52697,145.858
oo,Yangulam,ynl,Nuclear Trans New Guinea,oo,yam,TransNewGuinea.org,-5.52697,145.858
ki,Yarawata,yrw,Nuclear Trans New Guinea,kiʌ,yam,TransNewGuinea.org,-4.93943,145.454
uba,Yaweyuha,yby,Nuclear Trans New Guinea,u'ƀa,yam,TransNewGuinea.org,-6.1868,145.359
uva,Yaweyuha,yby,Nuclear Trans New Guinea,uva,yam,TransNewGuinea.org,-6.1868,145.359
di,Yoidik,ydk,Nuclear Trans New Guinea,di,yam,TransNewGuinea.org,-4.94044,145.758
igon,Yoidik,ydk,Nuclear Trans New Guinea,igon,yam,TransNewGuinea.org,-4.94044,145.758
baei,Odiai,bhf,Odiai,bæi,yam,TransNewGuinea.org,-3.82276,141.336
upuru,Papi,ppe,Papi,upuřu,yam,TransNewGuinea.org,-4.4725,142.011
hesi,Pinai-Hagahai (Aramo Dialect),#N/A,Piawi,hɛ'si,yam,TransNewGuinea.org,#N/A,#N/A
hb@l,Haruai,tmd,Piawi,hʌb̶əľ,yam,TransNewGuinea.org,-5.09522,144.337
esi,Pinai-Hagahai (Nangenuwetan Dialect),#N/A,Piawi,ɛ'si,yam,TransNewGuinea.org,#N/A,#N/A
dzua,Pinai-Hagahai (Wakadadap Dialect),#N/A,Piawi,d̮ʑu'a,yam,TransNewGuinea.org,#N/A,#N/A
hawil,Haruai (Wiyaw Dialect),#N/A,Piawi,ha'wɨɬ,yam,TransNewGuinea.org,#N/A,#N/A
titu,Hiri Motu,#N/A,Pidgin,tʌɩtu,yam,TransNewGuinea.org,#N/A,#N/A
wapi,Pyu,pby,Pyu,waᵽi,yam,TransNewGuinea.org,-4.45003,141.018
maspath,Alamblak,amp,Sepik,mašpatʰ,yam,TransNewGuinea.org,-4.66307,143.316
pap,Berinomo,bit,Sepik,pap,yam,TransNewGuinea.org,-4.41689,142.463
gwe,Chenapian,cjn,Sepik,gwe,yam,TransNewGuinea.org,-4.25154,142.317
ugwei,Chenapian,cjn,Sepik,ugwei,yam,TransNewGuinea.org,-4.25154,142.317
mmiwuf,Taulil,tuh,Taulil-Butam,mʌmi wuf,yam,TransNewGuinea.org,-4.44425,152.095
kobuesibu,Walio,wla,Walioic,kob̶uɛsib̶u,yam,TransNewGuinea.org,-4.41234,142.231
ngai,Yetfa,yet,Yetfa,ngai,yam,TransNewGuinea.org,-4.05884,140.653
fguin,Biwat,bwm,Yuat,fguin,yam,TransNewGuinea.org,-4.39429,143.873
fuin,Biwat,bwm,Yuat,fuin,yam,TransNewGuinea.org,-4.39429,143.873
vrak,Biwat,bwm,Yuat,vrak,yam,TransNewGuinea.org,-4.39429,143.873
bin,Kyenele (Kyaimbarang Dialect),#N/A,Yuat,βɨɲ,yam,TransNewGuinea.org,#N/A,#N/A
waiak,Kyenele (Miyak Dialect),#N/A,Yuat,waǏak,yam,TransNewGuinea.org,#N/A,#N/A
,Anmatyerre,amx,Pama-Nyungan,anac,yam,Chirila,-22.2853,133.286
,Alyawarr,aly,Pama-Nyungan,anac,yam,Chirila,-21.0427,136.835
,Western Arrarnte,#N/A,Pama-Nyungan,lacia,yam,Chirila,#N/A,#N/A
,Warumungu,wrm,Pama-Nyungan,manaci,yam,Chirila,-20.6479,134.375
,Walmajarri,wmt,Pama-Nyungan,ciriʎpaca,yam,Chirila,-19.7229,126.113
,Ngaanyatjarra,ntj,Pama-Nyungan,puʎku,yam,Chirila,-25.7514,127.602
,Gamilaraay,kld,Pama-Nyungan,n̪aːl,yam,Chirila,-29.9037,149.543
,Yuwaalaraay,#N/A,Pama-Nyungan,kutukaː,yam,Chirila,#N/A,#N/A
,Anmatyerre,amx,Pama-Nyungan,anac,yam,Chirila,-22.2853,133.286
,Alyawarr,aly,Pama-Nyungan,anac,yam,Chirila,-21.0427,136.835
,Warumungu,wrm,Pama-Nyungan,manaci,yam,Chirila,-20.6479,134.375
,Walmajarri,wmt,Pama-Nyungan,ciriʎpaca,yam,Chirila,-19.7229,126.113
,Ngaanyatjarra,ntj,Pama-Nyungan,puʎku,yam,Chirila,-25.7514,127.602
,Gamilaraay,kld,Pama-Nyungan,n̪aːl,yam,Chirila,-29.9037,149.543
,Anmatyerre,amx,Pama-Nyungan,anek,yam,Chirila,-22.2853,133.286
,Alyawarr,aly,Pama-Nyungan,aɭacəj,yam,Chirila,-21.0427,136.835
,Warumungu,wrm,Pama-Nyungan,ŋarma,yam,Chirila,-20.6479,134.375
,Walmajarri,wmt,Pama-Nyungan,kaɳti,yam,Chirila,-19.7229,126.113
,Ngaanyatjarra,ntj,Pama-Nyungan,cirkaɭi,yam,Chirila,-25.7514,127.602
,Gamilaraay,kld,Pama-Nyungan,waraj,yam,Chirila,-29.9037,149.543
,Ngaanyatjarra,ntj,Pama-Nyungan,kuɳtili,yam,Chirila,-25.7514,127.602
,Ngaanyatjarra,ntj,Pama-Nyungan,paʎamunuriŋku,yam,Chirila,-25.7514,127.602
,Ngaanyatjarra,ntj,Pama-Nyungan,wiŋaɳjiri,yam,Chirila,-25.7514,127.602
,Ngaanyatjarra,ntj,Pama-Nyungan,waʎkumunu,yam,Chirila,-25.7514,127.602
,Yuwaaliyaay,#N/A,Pama-Nyungan,kukumat̪araː,yam,Chirila,#N/A,#N/A
,Mithaka,#N/A,Pama-Nyungan,muciɹi,yam,Chirila,#N/A,#N/A
,Kuuk Thaayorre,#N/A,Pama-Nyungan,wanc,yam,Chirila,#N/A,#N/A
,Yirrk-Thangalkl,#N/A,Pama-Nyungan,waɲcəpə,yam,Chirila,#N/A,#N/A
,Koko-Bera,#N/A,Pama-Nyungan,waɲcəpəŋ,yam,Chirila,#N/A,#N/A
,Yir-Yoront,#N/A,Pama-Nyungan,waɲcəw,yam,Chirila,#N/A,#N/A
,Bardi,bcj,Nyulnyulan,aːɲcu,yam,Chirila,-16.6274,122.906
,Yanyuwa,jao,Pama-Nyungan,waɲcija,yam,Chirila,-15.7621,136.055
,Proto-WesternCYP,#N/A,Pama-Nyungan,waɲcV,yam,Chirila,#N/A,#N/A
,Kalkatungu,#N/A,Pama-Nyungan,ŋkaː,yam,Chirila,#N/A,#N/A
,Yalarnnga,ylr,Pama-Nyungan,jaŋkata,yam,Chirila,-21.731,139.511
,Warluwarra,#N/A,Pama-Nyungan,ŋuɳma,yam,Chirila,#N/A,#N/A
,Nhirrpi,hrp,Pama-Nyungan,kadɹa,yam,Chirila,#N/A,#N/A
,Malyangapa,yga,Pama-Nyungan,ŋampiɾu,yam,Chirila,#N/A,#N/A
,Kalkatungu,#N/A,Pama-Nyungan,makura,yam,Chirila,#N/A,#N/A
,Kalkatungu,#N/A,Pama-Nyungan,ŋat̪a,yam,Chirila,#N/A,#N/A
,Kalkatungu,#N/A,Pama-Nyungan,ŋkaː,yam,Chirila,#N/A,#N/A
,Yalarnnga,ylr,Pama-Nyungan,ŋkaː,yam,Chirila,-21.731,139.511
,Yalarnnga,ylr,Pama-Nyungan,ŋkara,yam,Chirila,-21.731,139.511
,Yalarnnga,ylr,Pama-Nyungan,jaŋkata,yam,Chirila,-21.731,139.511
,Kungardutyi,gdt,Pama-Nyungan,n̪undri,yam,Chirila,#N/A,#N/A
,Pitta-Pitta,#N/A,Pama-Nyungan,t̪intama,yam,Chirila,#N/A,#N/A
,Pirriya,xpa,Pama-Nyungan,macadi,yam,Chirila,#N/A,#N/A
,Kungkari,lku,Pama-Nyungan,macipiRi,yam,Chirila,#N/A,#N/A
,Malyangapa,yga,Pama-Nyungan,n̪ant̪uru,yam,Chirila,#N/A,#N/A
,Yandruwandha,ynd,Pama-Nyungan,kaɖɹa,yam,Chirila,-28.4744,140.583
,Yandruwandha,ynd,Pama-Nyungan,t̪imbilci,yam,Chirila,-28.4744,140.583
,Wangkumara,xwk,Pama-Nyungan,d̪awu,yam,Chirila,#N/A,#N/A
,Wangkumara,xwk,Pama-Nyungan,n̪undɹi,yam,Chirila,#N/A,#N/A
,Wangkayutyuru,wky,Pama-Nyungan,pitapadi,yam,Chirila,#N/A,#N/A
,Wangkayutyuru,wky,Pama-Nyungan,t̪int̪ama,yam,Chirila,#N/A,#N/A
,Wadjalang,#N/A,Pama-Nyungan,gua,yam,Chirila,#N/A,#N/A
,Kungkari,lku,Pama-Nyungan,uwa,yam,Chirila,#N/A,#N/A
,Pirriya,xpa,Pama-Nyungan,wagila,yam,Chirila,#N/A,#N/A
,Wadjabangayi,wdy,Pama-Nyungan,kawu,yam,Chirila,#N/A,#N/A
,Yorta Yorta,xyy,Pama-Nyungan,majila,yam,Chirila,-35.9,145.01
,Mithaka,#N/A,Pama-Nyungan,muciɹi,yam,Chirila,#N/A,#N/A
,Punthamara,xpt,Pama-Nyungan,nundɹi,yam,Chirila,#N/A,#N/A
,WTSWestern TorresMabuiag,#N/A,Pama-NyunganPama-NyunganPama-Nyungan,boa,yam,Chirila,#N/A,#N/A
,Wangkumara,xwk,Pama-Nyungan,nundɹi,yam,Chirila,#N/A,#N/A
,Ngamini,nmv,Pama-Nyungan,mucaɾi,yam,Chirila,-27.1797,138.701
,Dharawala,#N/A,Pama-Nyungan,kuwa,yam,Chirila,#N/A,#N/A
,Wadjabangayi,wdy,Pama-Nyungan,kawu,yam,Chirila,#N/A,#N/A
,WTSWestern TorresMabuiag,#N/A,Pama-NyunganPama-NyunganPama-Nyungan,ketai,yam,Chirila,#N/A,#N/A
,WTSWestern TorresMabuiag,#N/A,Pama-NyunganPama-NyunganPama-Nyungan,bud,yam,Chirila,#N/A,#N/A
,WTSWestern TorresMabuiag,#N/A,Pama-NyunganPama-NyunganPama-Nyungan,deabu,yam,Chirila,#N/A,#N/A
,WTSWestern TorresMabuiag,#N/A,Pama-NyunganPama-NyunganPama-Nyungan,naguai,yam,Chirila,#N/A,#N/A
,WTSWestern TorresMabuiag,#N/A,Pama-NyunganPama-NyunganPama-Nyungan,nagu-utui,yam,Chirila,#N/A,#N/A
,Karajarri,#N/A,Pama-Nyungan,pilicinataɲ,yam,Chirila,#N/A,#N/A
,Karajarri,#N/A,Pama-Nyungan,pilicunataɲ,yam,Chirila,#N/A,#N/A
,Walmajarri,wmt,Pama-Nyungan,kanti,yam,Chirila,-19.7229,126.113
,Gupapuyngu,guf,Pama-Nyungan,man̪muŋa,yam,Chirila,-12.2868,135.337
,Gupapuyngu,guf,Pama-Nyungan,ɟitama,yam,Chirila,-12.2868,135.337
,unknown[imported from language list; to check],#N/A,Pama-Nyungan,ɟitama,yam,Chirila,#N/A,#N/A
,Gumatj,gnn,Pama-Nyungan,band̪amara,yam,Chirila,-12.2525,136.83
,Gumatj,gnn,Pama-Nyungan,baːrwic,yam,Chirila,-12.2525,136.83
,Ritharrngu,#N/A,Pama-Nyungan,mawunuʔ,yam,Chirila,#N/A,#N/A
,Ritharrngu,#N/A,Pama-Nyungan,mabaɭpi,yam,Chirila,#N/A,#N/A
,Ritharrngu,#N/A,Pama-Nyungan,ɟiriʔ,yam,Chirila,#N/A,#N/A
,Gupapuyngu,guf,Pama-Nyungan,ɟitama,yam,Chirila,-12.2868,135.337
,Gumatj,gnn,Pama-Nyungan,ɟitama,yam,Chirila,-12.2525,136.83
,Gumatj,gnn,Pama-Nyungan,d̪aŋunija,yam,Chirila,-12.2525,136.83
,Gupapuyngu,guf,Pama-Nyungan,ɟitama,yam,Chirila,-12.2868,135.337
,Gupapuyngu,guf,Pama-Nyungan,man̪muŋa,yam,Chirila,-12.2868,135.337
,Dhuwal,duj,Pama-Nyungan,maɳmunda,yam,Chirila,-12.7825,136.008
,Dhuwal,duj,Pama-Nyungan,gawat̪a,yam,Chirila,-12.7825,136.008
,Dhuwal,duj,Pama-Nyungan,ɟitama,yam,Chirila,-12.7825,136.008
,Yan-nhangu,jay,Pama-Nyungan,ban&apos;kaɹiɲa,yam,Chirila,-12.0853,134.877
,Yan-nhangu,jay,Pama-Nyungan,baːwaŋ,yam,Chirila,-12.0853,134.877
,Yan-nhangu,jay,Pama-Nyungan,ɖujŋa,yam,Chirila,-12.0853,134.877
,Yan-nhangu,jay,Pama-Nyungan,d̪aŋunija,yam,Chirila,-12.0853,134.877
,Yan-nhangu,jay,Pama-Nyungan,ɟalpiŋu,yam,Chirila,-12.0853,134.877
,Yan-nhangu,jay,Pama-Nyungan,ɟitama,yam,Chirila,-12.0853,134.877
,Yan-nhangu,jay,Pama-Nyungan,gaɳaj,yam,Chirila,-12.0853,134.877
,Yan-nhangu,jay,Pama-Nyungan,gajam&apos;pur,yam,Chirila,-12.0853,134.877
,Yan-nhangu,jay,Pama-Nyungan,muːgina,yam,Chirila,-12.0853,134.877
,Yan-nhangu,jay,Pama-Nyungan,ɹiːcabu,yam,Chirila,-12.0853,134.877
,Yan-nhangu,jay,Pama-Nyungan,ɹical,yam,Chirila,-12.0853,134.877
,Burarra,bvr,Maningrida,gurŋa,yam,Chirila,-12.3061,134.365
,Burarra,bvr,Maningrida,maɖapanda,yam,Chirila,-12.3061,134.365
,Burarra,bvr,Maningrida,manakaŋala,yam,Chirila,-12.3061,134.365
,Burarra,bvr,Maningrida,ɟajpuɭga,yam,Chirila,-12.3061,134.365
,Burarra,bvr,Maningrida,gulpuɹa,yam,Chirila,-12.3061,134.365
,Burarra,bvr,Maningrida,marbanda,yam,Chirila,-12.3061,134.365
,Burarra,bvr,Maningrida,mun-gara,yam,Chirila,-12.3061,134.365
,Burarra,bvr,Maningrida,ŋukubuɹa,yam,Chirila,-12.3061,134.365
,Burarra,bvr,Maningrida,waʈpiɹʈja,yam,Chirila,-12.3061,134.365
,Burarra,bvr,Maningrida,-nawuɹaŋga,yam,Chirila,-12.3061,134.365
,Yan-nhangu,jay,Pama-Nyungan,gaŋuri,yam,Chirila,-12.0853,134.877
,Yan-nhangu,jay,Pama-Nyungan,manmuŋa,yam,Chirila,-12.0853,134.877
,Yan-nhangu,jay,Pama-Nyungan,jikiwit,yam,Chirila,-12.0853,134.877
,Western Arrarnte,#N/A,Pama-Nyungan,laceje,yam,Chirila,#N/A,#N/A
,Western Arrarnte,#N/A,Pama-Nyungan,nace,yam,Chirila,#N/A,#N/A
,Western Arrarnte,#N/A,Pama-Nyungan,jaɭe,yam,Chirila,#N/A,#N/A
,Warlpiri,wbp,Pama-Nyungan,jaɭa,yam,Chirila,-20.1008,131.05
,Warlpiri,wbp,Pama-Nyungan,puʈa,yam,Chirila,-20.1008,131.05
,Ngarluma,nrl,Pama-Nyungan,maʈira,yam,Chirila,-20.9235,117.203
,Kariyarra,vka,Pama-Nyungan,maʈira,yam,Chirila,-20.445,118.613
,Kariyarra,vka,Pama-Nyungan,maʈa,yam,Chirila,-20.445,118.613
,Badjiri,jbi,Pama-Nyungan,nant̪uɹu,yam,Chirila,#N/A,#N/A
,Nyangumarta,nna,Pama-Nyungan,mata,yam,Chirila,-20.6271,121.391
,Djinang,dji,Pama-Nyungan,burŋunɖa,yam,Chirila,-12.462,134.82
,Bularnu,#N/A,Pama-Nyungan,ŋuɳma,yam,Chirila,#N/A,#N/A
,Bularnu,#N/A,Pama-Nyungan,cikaɲi,yam,Chirila,#N/A,#N/A
,Antekerrepenh,#N/A,Pama-Nyungan,ɭacej,yam,Chirila,#N/A,#N/A
,Alyawarr,aly,Pama-Nyungan,anaic,yam,Chirila,-21.0427,136.835
,Warlmanpa,wrl,Pama-Nyungan,papiʈa,yam,Chirila,-18.949,133.862
,Gurindji,#N/A,Pama-Nyungan,kamaɹa,yam,Chirila,#N/A,#N/A
,Malngin,#N/A,Pama-Nyungan,piːkuʈa,yam,Chirila,#N/A,#N/A
,Wakaya,#N/A,Pama-Nyungan,parɹula,yam,Chirila,#N/A,#N/A
,Walmajarri,wmt,Pama-Nyungan,kaɳti,yam,Chirila,-19.7229,126.113
,Gunggari,#N/A,Pama-Nyungan,kuar,yam,Chirila,#N/A,#N/A
,Kukatj,#N/A,Pama-Nyungan,puːketeŋ,yam,Chirila,#N/A,#N/A
,Wakaya,#N/A,Pama-Nyungan,kilewulu,yam,Chirila,#N/A,#N/A
,Wakaya,#N/A,Pama-Nyungan,cikʔa,yam,Chirila,#N/A,#N/A
,Wakaya,#N/A,Pama-Nyungan,parula,yam,Chirila,#N/A,#N/A
,Yinhawangka,ywg,Pama-Nyungan,cita,yam,Chirila,#N/A,#N/A
,Woiwurrung,wyi,Pama-Nyungan,parm,yam,Chirila,#N/A,#N/A
,Woiwurrung,wyi,Pama-Nyungan,muwijul,yam,Chirila,#N/A,#N/A
,Dharuk,xdk,Pama-Nyungan,mitiɲ,yam,Chirila,#N/A,#N/A
,Dharumbal,#N/A,Pama-Nyungan,piŋi,yam,Chirila,#N/A,#N/A
,Garrwa,wrk,Garrwan,tuʈulaɲi,yam,Chirila,-17.4504,137.72014
,Coobenpil,#N/A,Pama-Nyungan,tambɹin,yam,Chirila,#N/A,#N/A
,Garrwa,wrk,Garrwan,cuwajuwa,yam,Chirila,-17.4504,137.72014
,Garrwa,wrk,Garrwan,kapala,yam,Chirila,-17.4504,137.72014
,Garrwa,wrk,Garrwan,waɳmir,yam,Chirila,-17.4504,137.72014
,Garrwa,wrk,Garrwan,walapu,yam,Chirila,-17.4504,137.72014
,Garrwa,wrk,Garrwan,jilipuɹu,yam,Chirila,-17.4504,137.72014
,Garrwa,wrk,Garrwan,ŋanaku,yam,Chirila,-17.4504,137.72014
,Mudburra,dmw,Pama-Nyungan,kamaɹa,yam,Chirila,#N/A,#N/A
,Mudburra,dmw,Pama-Nyungan,kawucin,yam,Chirila,#N/A,#N/A
,Mudburra,dmw,Pama-Nyungan,mu(ɹ)ntu(a)paɭi,yam,Chirila,#N/A,#N/A
,Garlali,gll,Pama-Nyungan,kabari,yam,Chirila,#N/A,#N/A
,Yugambeh,#N/A,Pama-Nyungan,dum,yam,Chirila,#N/A,#N/A
,Nukunu,#N/A,Pama-Nyungan,jampa,yam,Chirila,#N/A,#N/A
,Proto-Pama-Nyungan,#N/A,Pama-Nyungan,kAlmpa,yam,Chirila,#N/A,#N/A
,Warungu,wrg,Pama-Nyungan,kuɲaŋara,yam,Chirila,-18.2496,144.37
,Biri,bzr,Pama-Nyungan,munila,yam,Chirila,-20.1494,146.67
,Gangulu,gnl,Pama-Nyungan,kuwa,yam,Chirila,-22.7637,149.416
,Biri,bzr,Pama-Nyungan,kuwa,yam,Chirila,-20.1494,146.67
,Ngarrindjeri,#N/A,Pama-Nyungan,wiloki,yam,Chirila,#N/A,#N/A
,Ngarrindjeri,#N/A,Pama-Nyungan,wiloki,yam,Chirila,#N/A,#N/A
,Ngarrindjeri,#N/A,Pama-Nyungan,kandja,yam,Chirila,#N/A,#N/A
,Ngarrindjeri,#N/A,Pama-Nyungan,kandjeɹan,yam,Chirila,#N/A,#N/A
,Ngarrindjeri,#N/A,Pama-Nyungan,kandjeɹuŋa,yam,Chirila,#N/A,#N/A
,Ngarrindjeri,#N/A,Pama-Nyungan,kanca,yam,Chirila,#N/A,#N/A
,Ngarrindjeri,#N/A,Pama-Nyungan,kanceɹi,yam,Chirila,#N/A,#N/A
,Ngarrindjeri,#N/A,Pama-Nyungan,koncaɹa,yam,Chirila,#N/A,#N/A
,Darkinyung,xda,Pama-Nyungan,wajaŋ,yam,Chirila,#N/A,#N/A
,Jaru,ddj,Pama-Nyungan,cuwantara ɲinawucuwa,yam,Chirila,-18.3288,128.262
,Jaru,ddj,Pama-Nyungan,mulaɲ,yam,Chirila,-18.3288,128.262
,Jaru,ddj,Pama-Nyungan,pawuwuʈa,yam,Chirila,-18.3288,128.262
,Gurindji,#N/A,Pama-Nyungan,kamaɹa,yam,Chirila,#N/A,#N/A
,Gurindji,#N/A,Pama-Nyungan,kuɹuɭ,yam,Chirila,#N/A,#N/A
,Gurindji,#N/A,Pama-Nyungan,waɲca,yam,Chirila,#N/A,#N/A
,Gurindji,#N/A,Pama-Nyungan,wiɳcirki,yam,Chirila,#N/A,#N/A
,Mudburra,dmw,Pama-Nyungan,papiʈa,yam,Chirila,#N/A,#N/A
,Mudburra,dmw,Pama-Nyungan,cikarampini,yam,Chirila,#N/A,#N/A
,Mudburra,dmw,Pama-Nyungan,waɳmiri,yam,Chirila,#N/A,#N/A
,Mudburra,dmw,Pama-Nyungan,wajita,yam,Chirila,#N/A,#N/A
,Warlpiri,wbp,Pama-Nyungan,kacutaɹi,yam,Chirila,-20.1008,131.05
,Warlpiri,wbp,Pama-Nyungan,kucuɳtu,yam,Chirila,-20.1008,131.05
,Warlpiri,wbp,Pama-Nyungan,ŋamaɹi,yam,Chirila,-20.1008,131.05
,Warlpiri,wbp,Pama-Nyungan,ŋamaɳa,yam,Chirila,-20.1008,131.05
,Warlpiri,wbp,Pama-Nyungan,wuncu,yam,Chirila,-20.1008,131.05
,Warlpiri,wbp,Pama-Nyungan,jincaʎkiɲi,yam,Chirila,-20.1008,131.05
,Turubul,#N/A,Pama-Nyungan,tam,yam,Chirila,#N/A,#N/A
,Turubul,#N/A,Pama-Nyungan,mutaɹa,yam,Chirila,#N/A,#N/A
,Marra,#N/A,Arnhem,jeki,yam,Chirila,#N/A,#N/A
,Anmatyerre,amx,Pama-Nyungan,anac,yam,Chirila,-22.2853,133.286
,Alyawarr,aly,Pama-Nyungan,anac,yam,Chirila,-21.0427,136.835
,Western Arrarnte,#N/A,Pama-Nyungan,lacia,yam,Chirila,#N/A,#N/A
,Warumungu,wrm,Pama-Nyungan,manaci,yam,Chirila,-20.6479,134.375
,Walmajarri,wmt,Pama-Nyungan,ciriʎpaca,yam,Chirila,-19.7229,126.113
,Ngaanyatjarra,ntj,Pama-Nyungan,puʎku,yam,Chirila,-25.7514,127.602
,Gamilaraay,kld,Pama-Nyungan,n̪aːl,yam,Chirila,-29.9037,149.543
,Yuwaalaraay,#N/A,Pama-Nyungan,kutukaː,yam,Chirila,#N/A,#N/A
,Anmatyerre,amx,Pama-Nyungan,anac,yam,Chirila,-22.2853,133.286
,Alyawarr,aly,Pama-Nyungan,anac,yam,Chirila,-21.0427,136.835
,Warumungu,wrm,Pama-Nyungan,manaci,yam,Chirila,-20.6479,134.375
,Walmajarri,wmt,Pama-Nyungan,ciriʎpaca,yam,Chirila,-19.7229,126.113
,Ngaanyatjarra,ntj,Pama-Nyungan,puʎku,yam,Chirila,-25.7514,127.602
,Gamilaraay,kld,Pama-Nyungan,n̪aːl,yam,Chirila,-29.9037,149.543
,Anmatyerre,amx,Pama-Nyungan,anek,yam,Chirila,-22.2853,133.286
,Alyawarr,aly,Pama-Nyungan,aɭacəj,yam,Chirila,-21.0427,136.835
,Warumungu,wrm,Pama-Nyungan,ŋarma,yam,Chirila,-20.6479,134.375
,Walmajarri,wmt,Pama-Nyungan,kaɳti,yam,Chirila,-19.7229,126.113
,Ngaanyatjarra,ntj,Pama-Nyungan,cirkaɭi,yam,Chirila,-25.7514,127.602
,Gamilaraay,kld,Pama-Nyungan,waraj,yam,Chirila,-29.9037,149.543
,Ngaanyatjarra,ntj,Pama-Nyungan,kuɳtili,yam,Chirila,-25.7514,127.602
,Ngaanyatjarra,ntj,Pama-Nyungan,paʎamunuriŋku,yam,Chirila,-25.7514,127.602
,Ngaanyatjarra,ntj,Pama-Nyungan,wiŋaɳjiri,yam,Chirila,-25.7514,127.602
,Ngaanyatjarra,ntj,Pama-Nyungan,waʎkumunu,yam,Chirila,-25.7514,127.602
,Yuwaaliyaay,#N/A,Pama-Nyungan,kukumat̪araː,yam,Chirila,#N/A,#N/A
,Mithaka,#N/A,Pama-Nyungan,muciɹi,yam,Chirila,#N/A,#N/A
,Kuuk Thaayorre,#N/A,Pama-Nyungan,wanc,yam,Chirila,#N/A,#N/A
,Yirrk-Thangalkl,#N/A,Pama-Nyungan,waɲcəpə,yam,Chirila,#N/A,#N/A
,Koko-Bera,#N/A,Pama-Nyungan,waɲcəpəŋ,yam,Chirila,#N/A,#N/A
,Yir-Yoront,#N/A,Pama-Nyungan,waɲcəw,yam,Chirila,#N/A,#N/A
,Bardi,bcj,Nyulnyulan,aːɲcu,yam,Chirila,-16.6274,122.906
,Yanyuwa,jao,Pama-Nyungan,waɲcija,yam,Chirila,-15.7621,136.055
,Proto-WesternCYP,#N/A,Pama-Nyungan,waɲcV,yam,Chirila,#N/A,#N/A